,Action,State (Before),State (After),Total Reward
1,0,"[-0.00627799,  0.00169986,  0.03983372,  0.01656762]",[-0.00624399 -0.19397004  0.04016507  0.32154766],1
2,0,[-0.00624399 -0.19397004  0.04016507  0.32154766],[-0.01012339 -0.38964027  0.04659602  0.62662166],2
3,1,[-0.01012339 -0.38964027  0.04659602  0.62662166],[-0.0179162  -0.19519863  0.05912846  0.34897003],3
4,1,[-0.0179162  -0.19519863  0.05912846  0.34897003],[-0.02182017 -0.0009653   0.06610785  0.07550284],4
5,1,[-0.02182017 -0.0009653   0.06610785  0.07550284],[-0.02183947  0.19314972  0.06761792 -0.19561212],5
6,1,[-0.02183947  0.19314972  0.06761792 -0.19561212],[-0.01797648  0.38724256  0.06370567 -0.46622154],6
7,1,[-0.01797648  0.38724256  0.06370567 -0.46622154],[-0.01023163  0.5814093   0.05438124 -0.738164  ],7
8,1,[-0.01023163  0.5814093   0.05438124 -0.738164  ],[ 0.00139656  0.7757397   0.03961796 -1.0132486 ],8
9,1,[ 0.00139656  0.7757397   0.03961796 -1.0132486 ],[ 0.01691135  0.97031146  0.01935299 -1.2932324 ],9
10,1,[ 0.01691135  0.97031146  0.01935299 -1.2932324 ],[ 0.03631758  1.1651821  -0.00651166 -1.5797944 ],10
11,0,[ 0.03631758  1.1651821  -0.00651166 -1.5797944 ],[ 0.05962123  0.9701383  -0.03810755 -1.2891493 ],11
12,0,[ 0.05962123  0.9701383  -0.03810755 -1.2891493 ],[ 0.07902399  0.7755213  -0.06389054 -1.0086365 ],12
13,0,[ 0.07902399  0.7755213  -0.06389054 -1.0086365 ],[ 0.09453442  0.58130765 -0.08406327 -0.7366816 ],13
14,0,[ 0.09453442  0.58130765 -0.08406327 -0.7366816 ],[ 0.10616057  0.3874412  -0.0987969  -0.4715942 ],14
15,0,[ 0.10616057  0.3874412  -0.0987969  -0.4715942 ],[ 0.11390939  0.19384335 -0.10822878 -0.21161261],15
16,0,[ 0.11390939  0.19384335 -0.10822878 -0.21161261],[ 0.11778626  0.00042187 -0.11246104  0.04506484],16
17,0,[ 0.11778626  0.00042187 -0.11246104  0.04506484],[ 0.1177947  -0.19292283 -0.11155974  0.30025595],17
18,0,[ 0.1177947  -0.19292283 -0.11155974  0.30025595],[ 0.11393624 -0.38629252 -0.10555462  0.55577683],18
19,0,[ 0.11393624 -0.38629252 -0.10555462  0.55577683],[ 0.10621039 -0.5797865  -0.09443908  0.8134269 ],19
20,0,[ 0.10621039 -0.5797865  -0.09443908  0.8134269 ],[ 0.09461466 -0.7734969  -0.07817055  1.074974  ],20
21,0,[ 0.09461466 -0.7734969  -0.07817055  1.074974  ],[ 0.07914472 -0.9675038  -0.05667106  1.3421369 ],21
22,1,[ 0.07914472 -0.9675038  -0.05667106  1.3421369 ],[ 0.05979465 -0.77171636 -0.02982833  1.0322747 ],22
23,1,[ 0.05979465 -0.77171636 -0.02982833  1.0322747 ],[ 0.04436032 -0.5762106  -0.00918283  0.7303784 ],23
24,1,[ 0.04436032 -0.5762106  -0.00918283  0.7303784 ],[ 0.03283611 -0.38096294  0.00542474  0.43481952],24
25,1,[ 0.03283611 -0.38096294  0.00542474  0.43481952],[ 0.02521685 -0.18591821  0.01412113  0.1438516 ],25
26,1,[ 0.02521685 -0.18591821  0.01412113  0.1438516 ],[ 0.02149848  0.00899869  0.01699816 -0.14434314],26
27,1,[ 0.02149848  0.00899869  0.01699816 -0.14434314],[ 0.02167846  0.20387313  0.0141113  -0.43161535],27
28,1,[ 0.02167846  0.20387313  0.0141113  -0.43161535],[ 0.02575592  0.39879245  0.00547899 -0.7198166 ],28
29,1,[ 0.02575592  0.39879245  0.00547899 -0.7198166 ],[ 0.03373177  0.59383816 -0.00891734 -1.01077   ],29
30,1,[ 0.03373177  0.59383816 -0.00891734 -1.01077   ],[ 0.04560854  0.789078   -0.02913275 -1.3062397 ],30
31,0,[ 0.04560854  0.789078   -0.02913275 -1.3062397 ],[ 0.06139009  0.5943372  -0.05525754 -1.0228163 ],31
32,0,[ 0.06139009  0.5943372  -0.05525754 -1.0228163 ],[ 0.07327684  0.39999312 -0.07571387 -0.7479826 ],32
33,0,[ 0.07327684  0.39999312 -0.07571387 -0.7479826 ],[ 0.0812767   0.2059928  -0.09067352 -0.48005447],33
34,0,[ 0.0812767   0.2059928  -0.09067352 -0.48005447],[ 0.08539656  0.01226    -0.10027461 -0.21727054],34
35,0,[ 0.08539656  0.01226    -0.10027461 -0.21727054],[ 0.08564176 -0.18129617 -0.10462002  0.04217393],35
36,0,[ 0.08564176 -0.18129617 -0.10462002  0.04217393],[ 0.08201583 -0.37477443 -0.10377654  0.3001023 ],36
37,0,[ 0.08201583 -0.37477443 -0.10377654  0.3001023 ],[ 0.07452034 -0.5682759  -0.0977745   0.5583374 ],37
38,0,[ 0.07452034 -0.5682759  -0.0977745   0.5583374 ],[ 0.06315482 -0.76189923 -0.08660775  0.8186853 ],38
39,0,[ 0.06315482 -0.76189923 -0.08660775  0.8186853 ],[ 0.04791684 -0.95573574 -0.07023404  1.0829195 ],39
40,0,[ 0.04791684 -0.95573574 -0.07023404  1.0829195 ],[ 0.02880213 -1.1498641  -0.04857565  1.3527622 ],40
41,1,[ 0.02880213 -1.1498641  -0.04857565  1.3527622 ],[ 0.00580485 -0.954167   -0.02152041  1.0452873 ],41
42,1,[ 0.00580485 -0.954167   -0.02152041  1.0452873 ],[-1.32784955e-02 -7.58766115e-01 -6.14663295e-04  7.45927215e-01],42
43,1,[-1.32784955e-02 -7.58766115e-01 -6.14663295e-04  7.45927215e-01],[-0.02845382 -0.56363565  0.01430388  0.4530509 ],43
44,1,[-0.02845382 -0.56363565  0.01430388  0.4530509 ],[-0.03972653 -0.3687189   0.0233649   0.16491085],44
45,1,[-0.03972653 -0.3687189   0.0233649   0.16491085],[-0.04710091 -0.17393905  0.02666312 -0.12031049],45
46,1,[-0.04710091 -0.17393905  0.02666312 -0.12031049],[-0.05057969  0.02079094  0.02425691 -0.40446362],46
47,1,[-0.05057969  0.02079094  0.02425691 -0.40446362],[-0.05016387  0.21556063  0.01616763 -0.6894014 ],47
48,1,[-0.05016387  0.21556063  0.01616763 -0.6894014 ],[-0.04585266  0.41045454  0.00237961 -0.97695094],48
49,0,[-0.04585266  0.41045454  0.00237961 -0.97695094],[-0.03764357  0.21530074 -0.01715941 -0.6835215 ],49
50,0,[-0.03764357  0.21530074 -0.01715941 -0.6835215 ],[-0.03333755  0.02042121 -0.03082984 -0.39628986],50
51,0,[-0.03333755  0.02042121 -0.03082984 -0.39628986],[-0.03292913 -0.17425007 -0.03875564 -0.11348426],51
52,0,[-0.03292913 -0.17425007 -0.03875564 -0.11348426],[-0.03641413 -0.36879587 -0.04102533  0.16672403],52
53,0,[-0.03641413 -0.36879587 -0.04102533  0.16672403],[-0.04379005 -0.5633073  -0.03769084  0.4461876 ],53
54,0,[-0.04379005 -0.5633073  -0.03769084  0.4461876 ],[-0.05505619 -0.75787634 -0.02876709  0.7267554 ],54
55,0,[-0.05505619 -0.75787634 -0.02876709  0.7267554 ],[-0.07021372 -0.952589   -0.01423199  1.0102471 ],55
56,1,[-0.07021372 -0.952589   -0.01423199  1.0102471 ],[-0.0892655  -0.75728     0.00597296  0.7131293 ],56
57,1,[-0.0892655  -0.75728     0.00597296  0.7131293 ],[-0.1044111  -0.56224126  0.02023554  0.42233244],57
58,1,[-0.1044111  -0.56224126  0.02023554  0.42233244],[-0.11565592 -0.36741173  0.02868219  0.13609685],58
59,1,[-0.11565592 -0.36741173  0.02868219  0.13609685],[-0.12300416 -0.17271212  0.03140413 -0.14740106],59
60,1,[-0.12300416 -0.17271212  0.03140413 -0.14740106],[-0.1264584   0.02194638  0.02845611 -0.43001354],60
61,1,[-0.1264584   0.02194638  0.02845611 -0.43001354],[-0.12601948  0.21665405  0.01985584 -0.7135918 ],61
62,1,[-0.12601948  0.21665405  0.01985584 -0.7135918 ],[-0.12168639  0.41149557  0.005584   -0.99995923],62
63,1,[-0.12168639  0.41149557  0.005584   -0.99995923],[-0.11345648  0.6065424  -0.01441518 -1.2908833 ],63
64,0,[-0.11345648  0.6065424  -0.01441518 -1.2908833 ],[-0.10132563  0.4116067  -0.04023285 -1.002748  ],64
65,0,[-0.10132563  0.4116067  -0.04023285 -1.002748  ],[-0.0930935   0.21704471 -0.06028781 -0.7229665 ],65
66,0,[-0.0930935   0.21704471 -0.06028781 -0.7229665 ],[-0.08875261  0.02280615 -0.07474714 -0.44985184],66
67,0,[-0.08875261  0.02280615 -0.07474714 -0.44985184],[-0.08829648 -0.17118339 -0.08374418 -0.18163523],67
68,0,[-0.08829648 -0.17118339 -0.08374418 -0.18163523],[-0.09172015 -0.3650134  -0.08737689  0.08349884],68
69,0,[-0.09172015 -0.3650134  -0.08737689  0.08349884],[-0.09902041 -0.5587812  -0.0857069   0.34738564],69
70,0,[-0.09902041 -0.5587812  -0.0857069   0.34738564],[-0.11019604 -0.7525862  -0.07875919  0.611859  ],70
71,0,[-0.11019604 -0.7525862  -0.07875919  0.611859  ],[-0.12524776 -0.9465242  -0.06652201  0.878733  ],71
72,0,[-0.12524776 -0.9465242  -0.06652201  0.878733  ],[-0.14417824 -1.1406822  -0.04894735  1.1497828 ],72
73,0,[-0.14417824 -1.1406822  -0.04894735  1.1497828 ],[-0.16699189 -1.3351324  -0.0259517   1.426724  ],73
74,1,[-0.16699189 -1.3351324  -0.0259517   1.426724  ],[-0.19369455 -1.1396996   0.00258278  1.1260445 ],74
75,1,[-0.19369455 -1.1396996   0.00258278  1.1260445 ],[-0.21648853 -0.94461155  0.02510367  0.8341728 ],75
76,1,[-0.21648853 -0.94461155  0.02510367  0.8341728 ],[-0.23538077 -0.7498414   0.04178713  0.5494893 ],76
77,1,[-0.23538077 -0.7498414   0.04178713  0.5494893 ],[-0.2503776  -0.5553306   0.05277691  0.27025962],77
78,1,[-0.2503776  -0.5553306   0.05277691  0.27025962],[-0.2614842  -0.3609999   0.05818211 -0.00532127],78
79,1,[-0.2614842  -0.3609999   0.05818211 -0.00532127],[-0.2687042  -0.16675857  0.05807568 -0.2790944 ],79
80,1,[-0.2687042  -0.16675857  0.05807568 -0.2790944 ],[-0.27203938  0.02748889  0.05249379 -0.55290973],80
81,1,[-0.27203938  0.02748889  0.05249379 -0.55290973],[-0.2714896   0.22183588  0.0414356  -0.82860255],81
82,0,[-0.2714896   0.22183588  0.0414356  -0.82860255],[-0.2670529   0.02617268  0.02486355 -0.5231811 ],82
83,0,[-0.2670529   0.02617268  0.02486355 -0.5231811 ],[-0.2665294  -0.16929021  0.01439993 -0.22276822],83
84,0,[-0.2665294  -0.16929021  0.01439993 -0.22276822],[-0.26991522 -0.364615    0.00994456  0.07442201],84
85,0,[-0.26991522 -0.364615    0.00994456  0.07442201],[-0.27720752 -0.5598781   0.011433    0.37022582],85
86,1,[-0.27720752 -0.5598781   0.011433    0.37022582],[-0.2884051  -0.36492044  0.01883752  0.08116966],86
87,1,[-0.2884051  -0.36492044  0.01883752  0.08116966],[-0.2957035  -0.17007351  0.02046091 -0.20551096],87
88,1,[-0.2957035  -0.17007351  0.02046091 -0.20551096],[-0.29910496  0.02474996  0.01635069 -0.4916699 ],88
89,1,[-0.29910496  0.02474996  0.01635069 -0.4916699 ],[-0.29860997  0.2196375   0.00651729 -0.77915525],89
90,1,[-0.29860997  0.2196375   0.00651729 -0.77915525],[-0.29421723  0.41466925 -0.00906581 -1.0697806 ],90
91,0,[-0.29421723  0.41466925 -0.00906581 -1.0697806 ],[-0.28592384  0.21966836 -0.03046142 -0.7799566 ],91
92,0,[-0.28592384  0.21966836 -0.03046142 -0.7799566 ],[-0.28153047  0.02497813 -0.04606055 -0.497011  ],92
93,0,[-0.28153047  0.02497813 -0.04606055 -0.497011  ],[-0.2810309  -0.16946511 -0.05600077 -0.21919249],93
94,0,[-0.2810309  -0.16946511 -0.05600077 -0.21919249],[-0.2844202  -0.3637437  -0.06038462  0.05531293],94
95,0,[-0.2844202  -0.3637437  -0.06038462  0.05531293],[-0.2916951  -0.5579502  -0.05927837  0.3283494 ],95
96,0,[-0.2916951  -0.5579502  -0.05927837  0.3283494 ],[-0.3028541  -0.75218034 -0.05271138  0.6017653 ],96
97,0,[-0.3028541  -0.75218034 -0.05271138  0.6017653 ],[-0.31789768 -0.9465269  -0.04067607  0.8773902 ],97
98,1,[-0.31789768 -0.9465269  -0.04067607  0.8773902 ],[-0.33682823 -0.7508764  -0.02312827  0.5722018 ],98
99,1,[-0.33682823 -0.7508764  -0.02312827  0.5722018 ],[-0.35184574 -0.5554379  -0.01168423  0.27232337],99
100,1,[-0.35184574 -0.5554379  -0.01168423  0.27232337],[-0.36295453 -0.3601512  -0.00623776 -0.02402177],100
101,1,[-0.36295453 -0.3601512  -0.00623776 -0.02402177],[-0.37015754 -0.16494036 -0.0067182  -0.31866625],101
102,0,[-0.37015754 -0.16494036 -0.0067182  -0.31866625],[-0.37345636 -0.35996598 -0.01309152 -0.02810954],102
103,0,[-0.37345636 -0.35996598 -0.01309152 -0.02810954],[-0.38065568 -0.5548978  -0.01365372  0.26041427],103
104,0,[-0.38065568 -0.5548978  -0.01365372  0.26041427],[-0.3917536  -0.7498222  -0.00844543  0.5487596 ],104
105,0,[-0.3917536  -0.7498222  -0.00844543  0.5487596 ],[-0.40675005 -0.94482446  0.00252976  0.8387697 ],105
106,1,[-0.40675005 -0.94482446  0.00252976  0.8387697 ],[-0.42564654 -0.74973714  0.01930515  0.5468834 ],106
107,1,[-0.42564654 -0.74973714  0.01930515  0.5468834 ],[-0.44064128 -0.5548917   0.03024282  0.26034498],107
108,1,[-0.44064128 -0.5548917   0.03024282  0.26034498],[-0.45173913 -0.36021423  0.03544972 -0.02264764],108
109,1,[-0.45173913 -0.36021423  0.03544972 -0.02264764],[-0.45894343 -0.16561812  0.03499677 -0.3039384 ],109
110,1,[-0.45894343 -0.16561812  0.03499677 -0.3039384 ],[-0.46225578  0.02898806  0.028918   -0.5853819 ],110
111,1,[-0.46225578  0.02898806  0.028918   -0.5853819 ],[-0.46167603  0.22369327  0.01721036 -0.868817  ],111
112,0,[-0.46167603  0.22369327  0.01721036 -0.868817  ],[-4.5720214e-01  2.8341452e-02 -1.6597542e-04 -5.7077301e-01],112
113,0,[-4.5720214e-01  2.8341452e-02 -1.6597542e-04 -5.7077301e-01],[-0.45663533 -0.16677818 -0.01158144 -0.2781424 ],113
114,0,[-0.45663533 -0.16677818 -0.01158144 -0.2781424 ],[-0.4599709  -0.361733   -0.01714428  0.01086538],114
115,0,[-0.4599709  -0.361733   -0.01714428  0.01086538],[-0.46720555 -0.5566049  -0.01692698  0.29809016],115
116,0,[-0.46720555 -0.5566049  -0.01692698  0.29809016],[-0.47833765 -0.7514816  -0.01096517  0.58538693],116
117,0,[-0.47833765 -0.7514816  -0.01096517  0.58538693],[-4.9336728e-01 -9.4644821e-01  7.4256567e-04  8.7459564e-01],117
118,0,[-4.9336728e-01 -9.4644821e-01  7.4256567e-04  8.7459564e-01],[-0.51229626 -1.1415802   0.01823448  1.1675119 ],118
119,0,[-0.51229626 -1.1415802   0.01823448  1.1675119 ],[-0.5351278  -1.3369347   0.04158472  1.4658555 ],119
120,1,[-0.5351278  -1.3369347   0.04158472  1.4658555 ],[-0.5618665  -1.1423459   0.07090183  1.186447  ],120
121,1,[-0.5618665  -1.1423459   0.07090183  1.186447  ],[-0.58471346 -0.9482114   0.09463076  0.9168045 ],121
122,1,[-0.58471346 -0.9482114   0.09463076  0.9168045 ],[-0.6036777  -0.7544875   0.11296686  0.6552988 ],122
123,1,[-0.6036777  -0.7544875   0.11296686  0.6552988 ],[-0.61876744 -0.56110454  0.12607284  0.40021494],123
124,1,[-0.61876744 -0.56110454  0.12607284  0.40021494],[-0.6299895  -0.36797532  0.13407713  0.14978762],124
125,1,[-0.6299895  -0.36797532  0.13407713  0.14978762],[-0.637349   -0.17500265  0.13707289 -0.09777284],125
126,1,[-0.637349   -0.17500265  0.13707289 -0.09777284],[-0.64084905  0.01791572  0.13511743 -0.34426272],126
127,1,[-0.64084905  0.01791572  0.13511743 -0.34426272],[-0.6404908   0.21088275  0.12823217 -0.5914713 ],127
128,1,[-0.6404908   0.21088275  0.12823217 -0.5914713 ],[-0.6362731   0.40399832  0.11640275 -0.8411693 ],128
129,1,[-0.6362731   0.40399832  0.11640275 -0.8411693 ],[-0.62819314  0.59735525  0.09957936 -1.0950968 ],129
130,0,[-0.62819314  0.59735525  0.09957936 -1.0950968 ],[-0.61624604  0.4010729   0.07767742 -0.77290386],130
131,0,[-0.61624604  0.4010729   0.07767742 -0.77290386],[-0.6082246   0.20497303  0.06221935 -0.45682684],131
132,0,[-0.6082246   0.20497303  0.06221935 -0.45682684],[-0.60412514  0.00902915  0.05308281 -0.14519905],132
133,0,[-0.60412514  0.00902915  0.05308281 -0.14519905],[-0.60394454 -0.18681122  0.05017883  0.16374676],133
134,1,[-0.60394454 -0.18681122  0.05017883  0.16374676],[-0.60768074  0.00755783  0.05345376 -0.11269347],134
135,1,[-0.60768074  0.00755783  0.05345376 -0.11269347],[-0.6075296   0.2018747   0.05119989 -0.38804454],135
136,0,[-0.6075296   0.2018747   0.05119989 -0.38804454],[-0.60349214  0.0060648   0.043439   -0.07966838],136
137,0,[-0.60349214  0.0060648   0.043439   -0.07966838],[-0.60337085 -0.18965207  0.04184563  0.22639704],137
138,1,[-0.60337085 -0.18965207  0.04184563  0.22639704],[-0.60716385  0.00484764  0.04637358 -0.0527981 ],138
139,1,[-0.60716385  0.00484764  0.04637358 -0.0527981 ],[-0.6070669   0.19927503  0.04531762 -0.3304967 ],139
140,1,[-0.6070669   0.19927503  0.04531762 -0.3304967 ],[-0.6030814   0.39372358  0.03870768 -0.60855126],140
141,1,[-0.6030814   0.39372358  0.03870768 -0.60855126],[-0.5952069   0.5882836   0.02653665 -0.8887955 ],141
142,1,[-0.5952069   0.5882836   0.02653665 -0.8887955 ],[-0.58344126  0.7830356   0.00876074 -1.1730198 ],142
143,0,[-0.58344126  0.7830356   0.00876074 -1.1730198 ],[-0.56778055  0.58780086 -0.01469965 -0.8776033 ],143
144,0,[-0.56778055  0.58780086 -0.01469965 -0.8776033 ],[-0.55602455  0.39288172 -0.03225172 -0.58957773],144
145,0,[-0.55602455  0.39288172 -0.03225172 -0.58957773],[-0.5481669   0.19822587 -0.04404327 -0.30722612],145
146,0,[-0.5481669   0.19822587 -0.04404327 -0.30722612],[-0.5442024   0.00375828 -0.05018779 -0.02875214],146
147,0,[-0.5442024   0.00375828 -0.05018779 -0.02875214],[-0.5441272  -0.19060937 -0.05076284  0.2476832 ],147
148,0,[-0.5441272  -0.19060937 -0.05076284  0.2476832 ],[-0.5479394  -0.38497096 -0.04580917  0.5239322 ],148
149,0,[-0.5479394  -0.38497096 -0.04580917  0.5239322 ],[-0.55563885 -0.5794193  -0.03533053  0.80183554],149
150,0,[-0.55563885 -0.5794193  -0.03533053  0.80183554],[-0.5672272  -0.7740394  -0.01929382  1.0831984 ],150
151,1,[-0.5672272  -0.7740394  -0.01929382  1.0831984 ],[-0.582708   -0.5786682   0.00237015  0.78452414],151
152,1,[-0.582708   -0.5786682   0.00237015  0.78452414],[-0.5942814  -0.3835789   0.01806064  0.49258786],152
153,1,[-0.5942814  -0.3835789   0.01806064  0.49258786],[-0.6019529  -0.18871626  0.02791239  0.20565115],153
154,1,[-0.6019529  -0.18871626  0.02791239  0.20565115],[-0.60572726  0.00599564  0.03202542 -0.07809778],154
155,1,[-0.60572726  0.00599564  0.03202542 -0.07809778],[-0.60560733  0.20064421  0.03046346 -0.36050704],155
156,1,[-0.60560733  0.20064421  0.03046346 -0.36050704],[-0.60159445  0.39532018  0.02325332 -0.64343065],156
157,0,[-0.60159445  0.39532018  0.02325332 -0.64343065],[-0.5936881   0.19988199  0.01038471 -0.34351674],157
158,0,[-0.5936881   0.19988199  0.01038471 -0.34351674],[-0.58969045  0.00461385  0.00351437 -0.04757729],158
159,0,[-0.58969045  0.00461385  0.00351437 -0.04757729],[-0.5895981  -0.19055831  0.00256283  0.24621238],159
160,0,[-0.5895981  -0.19055831  0.00256283  0.24621238],[-0.5934093  -0.38571677  0.00748707  0.5397026 ],160
161,0,[-0.5934093  -0.38571677  0.00748707  0.5397026 ],[-0.60112363 -0.58094317  0.01828112  0.83473516],161
162,0,[-0.60112363 -0.58094317  0.01828112  0.83473516],[-0.6127425  -0.77631     0.03497583  1.1331109 ],162
163,1,[-0.6127425  -0.77631     0.03497583  1.1331109 ],[-0.6282687  -0.5816629   0.05763804  0.85159945],163
164,1,[-0.6282687  -0.5816629   0.05763804  0.85159945],[-0.639902   -0.38737214  0.07467003  0.5775835 ],164
165,1,[-0.639902   -0.38737214  0.07467003  0.5775835 ],[-0.6476494  -0.19337182  0.0862217   0.3093265 ],165
166,1,[-0.6476494  -0.19337182  0.0862217   0.3093265 ],[-6.5151685e-01  4.2258771e-04  9.2408232e-02  4.5032524e-02],166
167,1,[-6.5151685e-01  4.2258771e-04  9.2408232e-02  4.5032524e-02],[-0.6515084   0.19410631  0.09330888 -0.21712413],167
168,1,[-0.6515084   0.19410631  0.09330888 -0.21712413],[-0.6476263   0.3877791   0.0889664  -0.47897652],168
169,1,[-0.6476263   0.3877791   0.0889664  -0.47897652],[-0.6398707   0.5815398   0.07938687 -0.7423465 ],169
170,1,[-0.6398707   0.5815398   0.07938687 -0.7423465 ],[-0.62823987  0.7754814   0.06453994 -1.0090275 ],170
171,1,[-0.62823987  0.7754814   0.06453994 -1.0090275 ],[-0.61273026  0.9696853   0.04435939 -1.2807652 ],171
172,0,[-0.61273026  0.9696853   0.04435939 -1.2807652 ],[-0.5933366   0.7740271   0.01874408 -0.97452927],172
173,0,[-0.5933366   0.7740271   0.01874408 -0.97452927],[-0.577856   0.5786588 -0.0007465 -0.6760178],173
174,0,[-0.577856   0.5786588 -0.0007465 -0.6760178],[-0.56628287  0.38354722 -0.01426686 -0.38357005],174
175,0,[-0.56628287  0.38354722 -0.01426686 -0.38357005],[-0.55861187  0.18863072 -0.02193826 -0.09541934],175
176,0,[-0.55861187  0.18863072 -0.02193826 -0.09541934],[-0.55483925 -0.00617005 -0.02384664  0.19026215],176
177,0,[-0.55483925 -0.00617005 -0.02384664  0.19026215],[-0.5549627  -0.20094287 -0.0200414   0.4753281 ],177
178,1,[-0.5549627  -0.20094287 -0.0200414   0.4753281 ],[-0.55898154 -0.00554374 -0.01053484  0.17639646],178
179,1,[-0.55898154 -0.00554374 -0.01053484  0.17639646],[-0.5590924   0.18972738 -0.00700691 -0.11959115],179
180,1,[-0.5590924   0.18972738 -0.00700691 -0.11959115],[-0.55529785  0.38494903 -0.00939873 -0.41447645],180
181,1,[-0.55529785  0.38494903 -0.00939873 -0.41447645],[-0.5475989   0.58020294 -0.01768826 -0.71010756],181
182,1,[-0.5475989   0.58020294 -0.01768826 -0.71010756],[-0.5359948   0.7755653  -0.03189041 -1.0083054 ],182
183,1,[-0.5359948   0.7755653  -0.03189041 -1.0083054 ],[-0.5204835   0.9710981  -0.05205652 -1.3108296 ],183
184,0,[-0.5204835   0.9710981  -0.05205652 -1.3108296 ],[-0.50106156  0.7766727  -0.07827312 -1.0348843 ],184
185,0,[-0.50106156  0.7766727  -0.07827312 -1.0348843 ],[-0.4855281  0.5826738 -0.0989708 -0.7677657],185
186,0,[-0.4855281  0.5826738 -0.0989708 -0.7677657],[-0.47387463  0.3890435  -0.11432611 -0.5077915 ],186
187,0,[-0.47387463  0.3890435  -0.11432611 -0.5077915 ],[-0.46609375  0.19570231 -0.12448195 -0.25321168],187
188,0,[-0.46609375  0.19570231 -0.12448195 -0.25321168],[-0.46217972  0.00255732 -0.12954618 -0.00223923],188
189,0,[-0.46217972  0.00255732 -0.12954618 -0.00223923],[-0.46212858 -0.19049172 -0.12959096  0.24692777],189
190,0,[-0.46212858 -0.19049172 -0.12959096  0.24692777],[-0.4659384  -0.38354766 -0.12465241  0.4960903 ],190
191,0,[-0.4659384  -0.38354766 -0.12465241  0.4960903 ],[-0.47360936 -0.5767118  -0.1147306   0.74703526],191
192,0,[-0.47360936 -0.5767118  -0.1147306   0.74703526],[-0.4851436 -0.7700796 -0.0997899  1.0015233],192
193,0,[-0.4851436 -0.7700796 -0.0997899  1.0015233],[-0.5005452  -0.9637368  -0.07975943  1.2612743 ],193
194,0,[-0.5005452  -0.9637368  -0.07975943  1.2612743 ],[-0.5198199  -1.1577532  -0.05453394  1.5279495 ],194
195,1,[-0.5198199  -1.1577532  -0.05453394  1.5279495 ],[-0.542975   -0.9620174  -0.02397496  1.2187572 ],195
196,1,[-0.542975   -0.9620174  -0.02397496  1.2187572 ],[-5.6221533e-01 -7.6659471e-01  4.0018887e-04  9.1865939e-01],196
197,1,[-5.6221533e-01 -7.6659471e-01  4.0018887e-04  9.1865939e-01],[-0.57754725 -0.5714782   0.01877338  0.62610227],197
198,1,[-0.57754725 -0.5714782   0.01877338  0.62610227],[-0.5889768  -0.37662327  0.03129542  0.33939043],198
199,1,[-0.5889768  -0.37662327  0.03129542  0.33939043],[-0.5965093  -0.18196027  0.03808323  0.05673828],199
200,1,[-0.5965093  -0.18196027  0.03808323  0.05673828],[-0.60014844  0.01259552  0.039218   -0.22369005],200
201,1,[-0.60014844  0.01259552  0.039218   -0.22369005],[-0.59989655  0.20713563  0.0347442  -0.5037487 ],201
202,1,[-0.59989655  0.20713563  0.0347442  -0.5037487 ],[-0.59575385  0.40175113  0.02466922 -0.785283  ],202
203,1,[-0.59575385  0.40175113  0.02466922 -0.785283  ],[-0.5877188   0.5965256   0.00896356 -1.0701038 ],203
204,0,[-0.5877188   0.5965256   0.00896356 -1.0701038 ],[-0.5757883   0.40128627 -0.01243852 -0.7746213 ],204
205,0,[-0.5757883   0.40128627 -0.01243852 -0.7746213 ],[-0.56776255  0.2063376  -0.02793094 -0.48587778],205
206,0,[-0.56776255  0.2063376  -0.02793094 -0.48587778],[-0.5636358   0.0116207  -0.0376485  -0.20212698],206
207,0,[-0.5636358   0.0116207  -0.0376485  -0.20212698],[-0.5634034  -0.18294317 -0.04169104  0.07844596],207
208,0,[-0.5634034  -0.18294317 -0.04169104  0.07844596],[-0.56706226 -0.37744343 -0.04012212  0.35768923],208
209,0,[-0.56706226 -0.37744343 -0.04012212  0.35768923],[-0.5746111  -0.57197267 -0.03296833  0.6374555 ],209
210,1,[-0.5746111  -0.57197267 -0.03296833  0.6374555 ],[-0.58605057 -0.37640688 -0.02021922  0.33457533],210
211,1,[-0.58605057 -0.37640688 -0.02021922  0.33457533],[-0.59357876 -0.18100308 -0.01352772  0.03558549],211
212,0,[-0.59357876 -0.18100308 -0.01352772  0.03558549],[-0.5971988  -0.37592846 -0.01281601  0.32396978],212
213,0,[-0.5971988  -0.37592846 -0.01281601  0.32396978],[-0.6047174  -0.5708656  -0.00633661  0.61258364],213
214,1,[-0.6047174  -0.5708656  -0.00633661  0.61258364],[-0.6161347  -0.37565568  0.00591506  0.31791168],214
215,1,[-0.6161347  -0.37565568  0.00591506  0.31791168],[-0.6236478  -0.18061846  0.0122733   0.02710002],215
216,1,[-0.6236478  -0.18061846  0.0122733   0.02710002],[-0.62726015  0.01432535  0.0128153  -0.26168543],216
217,1,[-0.62726015  0.01432535  0.0128153  -0.26168543],[-0.6269736   0.20926204  0.00758159 -0.55029887],217
218,0,[-0.6269736   0.20926204  0.00758159 -0.55029887],[-0.6227884   0.01403443 -0.00342439 -0.2552369 ],218
219,0,[-0.6227884   0.01403443 -0.00342439 -0.2552369 ],[-0.62250775 -0.18103847 -0.00852913  0.03636397],219
220,1,[-0.62250775 -0.18103847 -0.00852913  0.03636397],[-0.6261285   0.01420475 -0.00780185 -0.25899774],220
221,1,[-0.6261285   0.01420475 -0.00780185 -0.25899774],[-0.6258444  0.2094372 -0.0129818 -0.5541312],221
222,1,[-0.6258444  0.2094372 -0.0129818 -0.5541312],[-0.62165564  0.40473902 -0.02406443 -0.8508758 ],222
223,0,[-0.62165564  0.40473902 -0.02406443 -0.8508758 ],[-0.61356086  0.20995331 -0.04108194 -0.5658561 ],223
224,0,[-0.61356086  0.20995331 -0.04108194 -0.5658561 ],[-0.6093618   0.01543105 -0.05239906 -0.28639358],224
225,0,[-0.6093618   0.01543105 -0.05239906 -0.28639358],[-0.6090532  -0.17890598 -0.05812693 -0.01068641],225
226,0,[-0.6090532  -0.17890598 -0.05812693 -0.01068641],[-0.6126313  -0.37314823 -0.05834066  0.26310518],226
227,0,[-0.6126313  -0.37314823 -0.05834066  0.26310518],[-0.62009424 -0.567391   -0.05307856  0.5368312 ],227
228,0,[-0.62009424 -0.567391   -0.05307856  0.5368312 ],[-0.63144207 -0.76172805 -0.04234194  0.81232846],228
229,0,[-0.63144207 -0.76172805 -0.04234194  0.81232846],[-0.64667666 -0.95624524 -0.02609537  1.0913979 ],229
230,0,[-0.64667666 -0.95624524 -0.02609537  1.0913979 ],[-0.6658015  -1.1510137  -0.00426741  1.37578   ],230
231,1,[-0.6658015  -1.1510137  -0.00426741  1.37578   ],[-0.68882185 -0.9558387   0.02324819  1.0817655 ],231
232,1,[-0.68882185 -0.9558387   0.02324819  1.0817655 ],[-0.7079386 -0.7610312  0.0448835  0.7964676],232
233,1,[-0.7079386 -0.7610312  0.0448835  0.7964676],[-0.72315925 -0.566553    0.06081286  0.5182354 ],233
234,1,[-0.72315925 -0.566553    0.06081286  0.5182354 ],[-0.7344903  -0.37233758  0.07117756  0.24531877],234
235,1,[-0.7344903  -0.37233758  0.07117756  0.24531877],[-0.74193704 -0.17830062  0.07608394 -0.02409117],235
236,1,[-0.74193704 -0.17830062  0.07608394 -0.02409117],[-0.74550307  0.01565244  0.07560211 -0.291832  ],236
237,1,[-0.74550307  0.01565244  0.07560211 -0.291832  ],[-0.74519     0.20961958  0.06976548 -0.5597457 ],237
238,1,[-0.74519     0.20961958  0.06976548 -0.5597457 ],[-0.7409976   0.40369654  0.05857056 -0.8296586 ],238
239,1,[-0.7409976   0.40369654  0.05857056 -0.8296586 ],[-0.7329237   0.597971    0.04197739 -1.1033608 ],239
240,0,[-0.7329237   0.597971    0.04197739 -1.1033608 ],[-0.72096425  0.40232283  0.01991017 -0.7978092 ],240
241,0,[-0.72096425  0.40232283  0.01991017 -0.7978092 ],[-0.7129178   0.20693342  0.00395399 -0.49893   ],241
242,0,[-0.7129178   0.20693342  0.00395399 -0.49893   ],[-0.70877916  0.01175595 -0.00602461 -0.20500362],242
243,1,[-0.70877916  0.01175595 -0.00602461 -0.20500362],[-0.708544    0.20696354 -0.01012468 -0.49958092],243
244,1,[-0.708544    0.20696354 -0.01012468 -0.49958092],[-0.7044048   0.40222675 -0.0201163  -0.79543734],244
245,1,[-0.7044048   0.40222675 -0.0201163  -0.79543734],[-0.69636023  0.59761894 -0.03602505 -1.09438   ],245
246,0,[-0.69636023  0.59761894 -0.03602505 -1.09438   ],[-0.68440783  0.40298957 -0.05791265 -0.81321454],246
247,0,[-0.68440783  0.40298957 -0.05791265 -0.81321454],[-0.67634803  0.20870659 -0.07417694 -0.53929543],247
248,0,[-0.67634803  0.20870659 -0.07417694 -0.53929543],[-0.6721739   0.01470148 -0.08496285 -0.27087605],248
249,0,[-0.6721739   0.01470148 -0.08496285 -0.27087605],[-0.6718799  -0.17911178 -0.09038037 -0.00615385],249
250,0,[-0.6718799  -0.17911178 -0.09038037 -0.00615385],[-0.6754621  -0.3728291  -0.09050345  0.25670052],250
251,0,[-0.6754621  -0.3728291  -0.09050345  0.25670052],[-0.68291867 -0.5665502  -0.08536944  0.5195212 ],251
252,0,[-0.68291867 -0.5665502  -0.08536944  0.5195212 ],[-0.6942497  -0.7603731  -0.07497901  0.78412867],252
253,0,[-0.6942497  -0.7603731  -0.07497901  0.78412867],[-0.70945716 -0.9543891  -0.05929644  1.0523117 ],253
254,0,[-0.70945716 -0.9543891  -0.05929644  1.0523117 ],[-0.72854495 -1.1486768  -0.0382502   1.325808  ],254
255,1,[-0.72854495 -1.1486768  -0.0382502   1.325808  ],[-0.7515185  -0.95309323 -0.01173404  1.0214046 ],255
256,1,[-0.7515185  -0.95309323 -0.01173404  1.0214046 ],[-0.77058035 -0.7578169   0.00869405  0.7250606 ],256
257,1,[-0.77058035 -0.7578169   0.00869405  0.7250606 ],[-0.7857367  -0.56281626  0.02319526  0.43512666],257
258,1,[-0.7857367  -0.56281626  0.02319526  0.43512666],[-0.796993   -0.36803025  0.03189779  0.149845  ],258
259,1,[-0.796993   -0.36803025  0.03189779  0.149845  ],[-0.8043536  -0.17337924  0.03489469 -0.13260663],259
260,1,[-0.8043536  -0.17337924  0.03489469 -0.13260663],[-0.8078212   0.02122594  0.03224256 -0.41407973],260
261,1,[-0.8078212   0.02122594  0.03224256 -0.41407973],[-0.80739665  0.2158764   0.02396096 -0.696426  ],261
262,1,[-0.80739665  0.2158764   0.02396096 -0.696426  ],[-0.8030791   0.410658    0.01003245 -0.9814707 ],262
263,0,[-0.8030791   0.410658    0.01003245 -0.9814707 ],[-0.79486597  0.21540305 -0.00959697 -0.6856535 ],263
264,0,[-0.79486597  0.21540305 -0.00959697 -0.6856535 ],[-0.7905579   0.02041564 -0.02331004 -0.39600733],264
265,0,[-0.7905579   0.02041564 -0.02331004 -0.39600733],[-0.7901496  -0.17436796 -0.03123019 -0.11076383],265
266,0,[-0.7901496  -0.17436796 -0.03123019 -0.11076383],[-0.793637   -0.3690288  -0.03344546  0.17190486],266
267,0,[-0.793637   -0.3690288  -0.03344546  0.17190486],[-0.8010176  -0.5636565  -0.03000736  0.453852  ],267
268,0,[-0.8010176  -0.5636565  -0.03000736  0.453852  ],[-0.81229067 -0.75834155 -0.02093032  0.7369273 ],268
269,0,[-0.81229067 -0.75834155 -0.02093032  0.7369273 ],[-0.8274575  -0.9531683  -0.00619178  1.0229503 ],269
270,1,[-0.8274575  -0.9531683  -0.00619178  1.0229503 ],[-0.8465209  -0.7579644   0.01426723  0.7283297 ],270
271,1,[-0.8465209  -0.7579644   0.01426723  0.7283297 ],[-0.86168015 -0.5630425   0.02883382  0.44017112],271
272,1,[-0.86168015 -0.5630425   0.02883382  0.44017112],[-0.872941   -0.36834028  0.03763724  0.15671508],272
273,1,[-0.872941   -0.36834028  0.03763724  0.15671508],[-0.88030785 -0.17377685  0.04077154 -0.12386064],273
274,1,[-0.88030785 -0.17377685  0.04077154 -0.12386064],[-0.88378334  0.020738    0.03829433 -0.40340692],274
275,1,[-0.88378334  0.020738    0.03829433 -0.40340692],[-0.8833686   0.21529649  0.0302262  -0.68377495],275
276,0,[-0.8833686   0.21529649  0.0302262  -0.68377495],[-0.87906265  0.01976818  0.0165507  -0.38173127],276
277,0,[-0.87906265  0.01976818  0.0165507  -0.38173127],[-0.8786673  -0.17558482  0.00891607 -0.08387621],277
278,0,[-0.8786673  -0.17558482  0.00891607 -0.08387621],[-0.882179   -0.37083343  0.00723855  0.21160635],278
279,0,[-0.882179   -0.37083343  0.00723855  0.21160635],[-0.8895957  -0.56605816  0.01147067  0.50656384],279
280,0,[-0.8895957  -0.56605816  0.01147067  0.50656384],[-0.9009168  -0.76133984  0.02160195  0.8028394 ],280
281,1,[-0.9009168  -0.76133984  0.02160195  0.8028394 ],[-0.91614366 -0.56652063  0.03765874  0.5170293 ],281
282,1,[-0.91614366 -0.56652063  0.03765874  0.5170293 ],[-0.927474   -0.37194863  0.04799933  0.23644726],282
283,1,[-0.927474   -0.37194863  0.04799933  0.23644726],[-0.93491304 -0.17754413  0.05272827 -0.04071724],283
284,1,[-0.93491304 -0.17754413  0.05272827 -0.04071724],[-0.9384639   0.0167836   0.05191392 -0.3163088 ],284
285,1,[-0.9384639   0.0167836   0.05191392 -0.3163088 ],[-0.93812823  0.21112914  0.04558775 -0.5921785 ],285
286,1,[-0.93812823  0.21112914  0.04558775 -0.5921785 ],[-0.93390566  0.40558425  0.03374418 -0.87016   ],286
287,1,[-0.93390566  0.40558425  0.03374418 -0.87016   ],[-0.92579395  0.60023135  0.01634098 -1.1520455 ],287
288,1,[-0.92579395  0.60023135  0.01634098 -1.1520455 ],[-0.91378933  0.79513633 -0.00669993 -1.4395599 ],288
289,0,[-0.91378933  0.79513633 -0.00669993 -1.4395599 ],[-0.89788663  0.60009754 -0.03549113 -1.1489781 ],289
290,0,[-0.89788663  0.60009754 -0.03549113 -1.1489781 ],[-0.88588464  0.4054564  -0.05847069 -0.86763245],290
291,0,[-0.88588464  0.4054564  -0.05847069 -0.86763245],[-0.87777555  0.21117672 -0.07582334 -0.5938915 ],291
292,0,[-0.87777555  0.21117672 -0.07582334 -0.5938915 ],[-0.87355196  0.01719341 -0.08770117 -0.32602328],292
293,0,[-0.87355196  0.01719341 -0.08770117 -0.32602328],[-0.8732081  -0.17657752 -0.09422164 -0.06223506],293
294,0,[-0.8732081  -0.17657752 -0.09422164 -0.06223506],[-0.8767397  -0.37023112 -0.09546634  0.19929668],294
295,0,[-0.8767397  -0.37023112 -0.09546634  0.19929668],[-0.8841443  -0.5638672  -0.0914804   0.46040374],295
296,0,[-0.8841443  -0.5638672  -0.0914804   0.46040374],[-0.8954216  -0.7575851  -0.08227233  0.72290784],296
297,0,[-0.8954216  -0.7575851  -0.08227233  0.72290784],[-0.91057336 -0.95147854 -0.06781417  0.9886035 ],297
298,0,[-0.91057336 -0.95147854 -0.06781417  0.9886035 ],[-0.9296029 -1.1456304 -0.0480421  1.2592397],298
299,0,[-0.9296029 -1.1456304 -0.0480421  1.2592397],[-0.95251554 -1.3401058  -0.02285731  1.5364974 ],299
300,1,[-0.95251554 -1.3401058  -0.02285731  1.5364974 ],[-0.97931767 -1.1447163   0.00787263  1.2367702 ],300
301,1,[-0.97931767 -1.1447163   0.00787263  1.2367702 ],[-1.0022119  -0.94969636  0.03260804  0.94656384],301
302,1,[-1.0022119  -0.94969636  0.03260804  0.94656384],[-1.0212059  -0.75502837  0.05153931  0.6643022 ],302
303,1,[-1.0212059  -0.75502837  0.05153931  0.6643022 ],[-1.0363065  -0.5606598   0.06482536  0.38828233],303
304,1,[-1.0363065  -0.5606598   0.06482536  0.38828233],[-1.0475197  -0.36651504  0.07259101  0.11672214],304
305,1,[-1.0475197  -0.36651504  0.07259101  0.11672214],[-1.05485    -0.1725042   0.07492545 -0.15220468],305
306,1,[-1.05485    -0.1725042   0.07492545 -0.15220468],[-1.0583      0.02146939  0.07188135 -0.42034125],306
307,1,[-1.0583      0.02146939  0.07188135 -0.42034125],[-1.0578706   0.21550316  0.06347453 -0.68952537],307
308,1,[-1.0578706   0.21550316  0.06347453 -0.68952537],[-1.0535606   0.4096895   0.04968402 -0.9615693 ],308
309,1,[-1.0535606   0.4096895   0.04968402 -0.9615693 ],[-1.0453668   0.60410976  0.03045263 -1.2382388 ],309
310,0,[-1.0453668   0.60410976  0.03045263 -1.2382388 ],[-1.0332845   0.40861017  0.00568786 -0.9361737 ],310
311,0,[-1.0332845   0.40861017  0.00568786 -0.9361737 ],[-1.0251124   0.21341197 -0.01303561 -0.64170885],311
312,0,[-1.0251124   0.21341197 -0.01303561 -0.64170885],[-1.0208441   0.01847414 -0.02586979 -0.35315934],312
313,0,[-1.0208441   0.01847414 -0.02586979 -0.35315934],[-1.0204747  -0.17627057 -0.03293298 -0.06874486],313
314,0,[-1.0204747  -0.17627057 -0.03293298 -0.06874486],[-1.024      -0.37090528 -0.03430787  0.21336833],314
315,0,[-1.024      -0.37090528 -0.03430787  0.21336833],[-1.0314182  -0.56552035 -0.03004051  0.49503464],315
316,0,[-1.0314182  -0.56552035 -0.03004051  0.49503464],[-1.0427285  -0.7602061  -0.02013982  0.77810085],316
317,1,[-1.0427285  -0.7602061  -0.02013982  0.77810085],[-1.0579327 -0.5648131 -0.0045778  0.4791501],317
318,1,[-1.0579327 -0.5648131 -0.0045778  0.4791501],[-1.069229   -0.3696268   0.0050052   0.18502785],318
319,1,[-1.069229   -0.3696268   0.0050052   0.18502785],[-1.0766215  -0.1745768   0.00870576 -0.10607193],319
320,1,[-1.0766215  -0.1745768   0.00870576 -0.10607193],[-1.080113    0.02041932  0.00658432 -0.39599556],320
321,0,[-1.080113    0.02041932  0.00658432 -0.39599556],[-1.0797046  -0.17479543 -0.00133559 -0.101244  ],321
322,0,[-1.0797046  -0.17479543 -0.00133559 -0.101244  ],[-1.0832006  -0.36989823 -0.00336047  0.19101726],322
323,0,[-1.0832006  -0.36989823 -0.00336047  0.19101726],[-1.0905986e+00 -5.6497192e-01  4.5987446e-04  4.8263821e-01],323
324,0,[-1.0905986e+00 -5.6497192e-01  4.5987446e-04  4.8263821e-01],[-1.101898   -0.76010036  0.01011264  0.775466  ],324
325,0,[-1.101898   -0.76010036  0.01011264  0.775466  ],[-1.1171     -0.95535994  0.02562196  1.0713135 ],325
326,1,[-1.1171     -0.95535994  0.02562196  1.0713135 ],[-1.1362072  -0.76058596  0.04704823  0.7867804 ],326
327,1,[-1.1362072  -0.76058596  0.04704823  0.7867804 ],[-1.1514189  -0.56614083  0.06278384  0.50926256],327
328,1,[-1.1514189  -0.56614083  0.06278384  0.50926256],[-1.1627418  -0.37195697  0.07296909  0.23700699],328
329,1,[-1.1627418  -0.37195697  0.07296909  0.23700699],[-1.1701809  -0.17794925  0.07770923 -0.03179632],329
330,1,[-1.1701809  -0.17794925  0.07770923 -0.03179632],[-1.1737398   0.01597727  0.0770733  -0.29898474],330
331,1,[-1.1737398   0.01597727  0.0770733  -0.29898474],[-1.1734203   0.20992084  0.0710936  -0.56639934],331
332,1,[-1.1734203   0.20992084  0.0710936  -0.56639934],[-1.1692219   0.40397722  0.05976562 -0.83586466],332
333,0,[-1.1692219   0.40397722  0.05976562 -0.83586466],[-1.1611423   0.20809203  0.04304833 -0.5250009 ],333
334,0,[-1.1611423   0.20809203  0.04304833 -0.5250009 ],[-1.1569805   0.01239156  0.03254831 -0.21906981],334
335,0,[-1.1569805   0.01239156  0.03254831 -0.21906981],[-1.1567327  -0.18318018  0.02816691  0.08369993],335
336,0,[-1.1567327  -0.18318018  0.02816691  0.08369993],[-1.1603962  -0.37869433  0.02984091  0.38513482],336
337,1,[-1.1603962  -0.37869433  0.02984091  0.38513482],[-1.1679702  -0.18400845  0.03754361  0.10200793],337
338,0,[-1.1679702  -0.18400845  0.03754361  0.10200793],[-1.1716503  -0.3796478   0.03958377  0.40629536],338
339,0,[-1.1716503  -0.3796478   0.03958377  0.40629536],[-1.1792433  -0.575308    0.04770967  0.7111904 ],339
340,1,[-1.1792433  -0.575308    0.04770967  0.7111904 ],[-1.1907494  -0.3808781   0.06193348  0.4338987 ],340
341,1,[-1.1907494  -0.3808781   0.06193348  0.4338987 ],[-1.198367   -0.18668516  0.07061145  0.16136459],341
342,1,[-1.198367   -0.18668516  0.07061145  0.16136459],[-1.2021008   0.00735861  0.07383875 -0.10823322],342
343,1,[-1.2021008   0.00735861  0.07383875 -0.10823322],[-1.2019535   0.20134903  0.07167409 -0.37673712],343
344,1,[-1.2019535   0.20134903  0.07167409 -0.37673712],[-1.1979265   0.39538372  0.06413934 -0.6459877 ],344
345,0,[-1.1979265   0.39538372  0.06413934 -0.6459877 ],[-1.1900189   0.19942942  0.05121959 -0.33381662],345
346,0,[-1.1900189   0.19942942  0.05121959 -0.33381662],[-1.1860303   0.00361731  0.04454326 -0.02543166],346
347,0,[-1.1860303   0.00361731  0.04454326 -0.02543166],[-1.1859579  -0.19211419  0.04403462  0.28096575],347
348,0,[-1.1859579  -0.19211419  0.04403462  0.28096575],[-1.1898003  -0.3878357   0.04965394  0.5872054 ],348
349,1,[-1.1898003  -0.3878357   0.04965394  0.5872054 ],[-1.197557   -0.19344303  0.06139805  0.3105681 ],349
350,1,[-1.197557   -0.19344303  0.06139805  0.3105681 ],[-1.2014258e+00  7.5286423e-04  6.7609407e-02  3.7862793e-02],350
351,1,[-1.2014258e+00  7.5286423e-04  6.7609407e-02  3.7862793e-02],[-1.2014108   0.19484343  0.06836666 -0.23274589],351
352,1,[-1.2014108   0.19484343  0.06836666 -0.23274589],[-1.1975139   0.38892528  0.06371175 -0.50310445],352
353,1,[-1.1975139   0.38892528  0.06371175 -0.50310445],[-1.1897354   0.5830941   0.05364966 -0.7750482 ],353
354,0,[-1.1897354   0.5830941   0.05364966 -0.7750482 ],[-1.1780735   0.38727686  0.03814869 -0.46597946],354
355,0,[-1.1780735   0.38727686  0.03814869 -0.46597946],[-1.1703279   0.19163723  0.02882911 -0.16152054],355
356,0,[-1.1703279   0.19163723  0.02882911 -0.16152054],[-1.1664952  -0.00388532  0.0255987   0.140116  ],356
357,0,[-1.1664952  -0.00388532  0.0255987   0.140116  ],[-1.1665729  -0.19936438  0.02840102  0.4407637 ],357
358,1,[-1.1665729  -0.19936438  0.02840102  0.4407637 ],[-1.1705602  -0.00465562  0.03721629  0.15716714],358
359,1,[-1.1705602  -0.00465562  0.03721629  0.15716714],[-1.1706533   0.18991427  0.04035963 -0.12354654],359
360,1,[-1.1706533   0.18991427  0.04035963 -0.12354654],[-1.166855    0.38443547  0.0378887  -0.40322822],360
361,0,[-1.166855    0.38443547  0.0378887  -0.40322822],[-1.1591663   0.1887972   0.02982414 -0.09884482],361
362,0,[-1.1591663   0.1887972   0.02982414 -0.09884482],[-1.1553904  -0.00673921  0.02784724  0.20309636],362
363,1,[-1.1553904  -0.00673921  0.02784724  0.20309636],[-1.1555252   0.18797365  0.03190917 -0.08067366],363
364,1,[-1.1555252   0.18797365  0.03190917 -0.08067366],[-1.1517657   0.382624    0.03029569 -0.36312085],364
365,1,[-1.1517657   0.382624    0.03029569 -0.36312085],[-1.1441132   0.5773026   0.02303328 -0.6460991 ],365
366,0,[-1.1441132   0.5773026   0.02303328 -0.6460991 ],[-1.1325672   0.38186735  0.0101113  -0.3462529 ],366
367,0,[-1.1325672   0.38186735  0.0101113  -0.3462529 ],[-1.1249298   0.18660304  0.00318624 -0.05039872],367
368,0,[-1.1249298   0.18660304  0.00318624 -0.05039872],[-1.1211977  -0.00856445  0.00217826  0.24328779],368
369,1,[-1.1211977  -0.00856445  0.00217826  0.24328779],[-1.121369    0.18652633  0.00704402 -0.04870727],369
370,1,[-1.121369    0.18652633  0.00704402 -0.04870727],[-1.1176385   0.38154656  0.00606987 -0.33915946],370
371,0,[-1.1176385   0.38154656  0.00606987 -0.33915946],[-1.1100075e+00  1.8633877e-01 -7.1331509e-04 -4.4568621e-02],371
372,0,[-1.1100075e+00  1.8633877e-01 -7.1331509e-04 -4.4568621e-02],[-1.1062808  -0.00877294 -0.00160469  0.24788916],372
373,0,[-1.1062808  -0.00877294 -0.00160469  0.24788916],[-1.1064563  -0.20387194  0.0033531   0.5400655 ],373
374,1,[-1.1064563  -0.20387194  0.0033531   0.5400655 ],[-1.1105337  -0.00879728  0.01415441  0.24844097],374
375,1,[-1.1105337  -0.00879728  0.01415441  0.24844097],[-1.1107097   0.18611969  0.01912322 -0.03974395],375
376,1,[-1.1107097   0.18611969  0.01912322 -0.03974395],[-1.1069872   0.38096228  0.01832835 -0.3263325 ],376
377,0,[-1.1069872   0.38096228  0.01832835 -0.3263325 ],[-1.099368    0.18558423  0.0118017  -0.02792642],377
378,0,[-1.099368    0.18558423  0.0118017  -0.02792642],[-1.0956563  -0.00970496  0.01124317  0.26845658],378
379,0,[-1.0956563  -0.00970496  0.01124317  0.26845658],[-1.0958505  -0.20498554  0.0166123   0.56466436],379
380,0,[-1.0958505  -0.20498554  0.0166123   0.56466436],[-1.0999501  -0.4003366   0.02790559  0.8625343 ],380
381,1,[-1.0999501  -0.4003366   0.02790559  0.8625343 ],[-1.1079569  -0.20560548  0.04515627  0.57875454],381
382,1,[-1.1079569  -0.20560548  0.04515627  0.57875454],[-1.112069   -0.01114449  0.05673136  0.30063182],382
383,1,[-1.112069   -0.01114449  0.05673136  0.30063182],[-1.1122918   0.1831249   0.062744    0.02636663],383
384,1,[-1.1122918   0.1831249   0.062744    0.02636663],[-1.1086293   0.37729356  0.06327133 -0.2458786 ],384
385,1,[-1.1086293   0.37729356  0.06327133 -0.2458786 ],[-1.1010835   0.57145745  0.05835376 -0.5179523 ],385
386,1,[-1.1010835   0.57145745  0.05835376 -0.5179523 ],[-1.0896543   0.7657113   0.04799471 -0.79169095],386
387,1,[-1.0896543   0.7657113   0.04799471 -0.79169095],[-1.0743401  0.9601426  0.0321609 -1.068897 ],387
388,1,[-1.0743401  0.9601426  0.0321609 -1.068897 ],[-1.0551373   1.1548247   0.01078296 -1.3513155 ],388
389,0,[-1.0551373   1.1548247   0.01078296 -1.3513155 ],[-1.0320407   0.95956904 -0.01624336 -1.0552789 ],389
390,0,[-1.0320407   0.95956904 -0.01624336 -1.0552789 ],[-1.0128495   0.76466614 -0.03734893 -0.76773834],390
391,0,[-1.0128495   0.76466614 -0.03734893 -0.76773834],[-0.9975561  0.5700777 -0.0527037 -0.4870373],391
392,0,[-0.9975561  0.5700777 -0.0527037 -0.4870373],[-0.9861545   0.37573746 -0.06244444 -0.21141945],392
393,0,[-0.9861545   0.37573746 -0.06244444 -0.21141945],[-0.9786398   0.18156135 -0.06667283  0.06093032],393
394,0,[-0.9786398   0.18156135 -0.06667283  0.06093032],[-0.97500855 -0.01254445 -0.06545423  0.33185482],394
395,0,[-0.97500855 -0.01254445 -0.06545423  0.33185482],[-0.9752594  -0.20667663 -0.05881713  0.6031997 ],395
396,0,[-0.9752594  -0.20667663 -0.05881713  0.6031997 ],[-0.97939295 -0.40092874 -0.04675314  0.8767918 ],396
397,0,[-0.97939295 -0.40092874 -0.04675314  0.8767918 ],[-0.98741156 -0.59538513 -0.0292173   1.1544173 ],397
398,0,[-0.98741156 -0.59538513 -0.0292173   1.1544173 ],[-0.99931926 -0.79011416 -0.00612896  1.4377974 ],398
399,1,[-0.99931926 -0.79011416 -0.00612896  1.4377974 ],[-1.0151216  -0.5949172   0.02262699  1.1432055 ],399
400,1,[-1.0151216  -0.5949172   0.02262699  1.1432055 ],[-1.0270199  -0.4000981   0.0454911   0.85770345],400
401,1,[-1.0270199  -0.4000981   0.0454911   0.85770345],[-1.0350218  -0.20562443  0.06264517  0.5796645 ],401
402,1,[-1.0350218  -0.20562443  0.06264517  0.5796645 ],[-1.0391343  -0.01143372  0.07423846  0.3073555 ],402
403,1,[-1.0391343  -0.01143372  0.07423846  0.3073555 ],[-1.039363    0.18255621  0.08038557  0.03897817],403
404,1,[-1.039363    0.18255621  0.08038557  0.03897817],[-1.0357119   0.37643892  0.08116513 -0.22729886],404
405,1,[-1.0357119   0.37643892  0.08116513 -0.22729886],[-1.0281831   0.5703128   0.07661916 -0.49331594],405
406,1,[-1.0281831   0.5703128   0.07661916 -0.49331594],[-1.0167768   0.7642752   0.06675284 -0.760902  ],406
407,1,[-1.0167768   0.7642752   0.06675284 -0.760902  ],[-1.0014913  0.9584172  0.0515348 -1.0318556],407
408,1,[-1.0014913  0.9584172  0.0515348 -1.0318556],[-0.982323    1.1528171   0.03089769 -1.3079238 ],408
409,0,[-0.982323    1.1528171   0.03089769 -1.3079238 ],[-0.95926666  0.95731753  0.00473921 -1.0057319 ],409
410,0,[-0.95926666  0.95731753  0.00473921 -1.0057319 ],[-0.9401203   0.7621326  -0.01537543 -0.71156454],410
411,0,[-0.9401203   0.7621326  -0.01537543 -0.71156454],[-0.92487764  0.5672269  -0.02960672 -0.42376074],411
412,0,[-0.92487764  0.5672269  -0.02960672 -0.42376074],[-0.9135331   0.3725366  -0.03808193 -0.14055637],412
413,0,[-0.9135331   0.3725366  -0.03808193 -0.14055637],[-0.9060824   0.17798017 -0.04089306  0.1398733 ],413
414,0,[-0.9060824   0.17798017 -0.04089306  0.1398733 ],[-0.90252274 -0.01653297 -0.03809559  0.41937986],414
415,0,[-0.90252274 -0.01653297 -0.03809559  0.41937986],[-0.9028534  -0.21109499 -0.029708    0.6998137 ],415
416,1,[-0.9028534  -0.21109499 -0.029708    0.6998137 ],[-0.90707535 -0.01557404 -0.01571172  0.3979289 ],416
417,1,[-0.90707535 -0.01557404 -0.01571172  0.3979289 ],[-0.9073868   0.17976725 -0.00775314  0.10033406],417
418,1,[-0.9073868   0.17976725 -0.00775314  0.10033406],[-0.9037915   0.37499943 -0.00574646 -0.19478485],418
419,1,[-0.9037915   0.37499943 -0.00574646 -0.19478485],[-0.8962915   0.5702031  -0.00964216 -0.48927498],419
420,1,[-0.8962915   0.5702031  -0.00964216 -0.48927498],[-0.8848874   0.7654598  -0.01942766 -0.7849811 ],420
421,0,[-0.8848874   0.7654598  -0.01942766 -0.7849811 ],[-0.86957824  0.57061005 -0.03512728 -0.49847308],421
422,0,[-0.86957824  0.57061005 -0.03512728 -0.49847308],[-0.85816604  0.37600052 -0.04509674 -0.21706413],422
423,0,[-0.85816604  0.37600052 -0.04509674 -0.21706413],[-0.850646    0.1815513  -0.04943803  0.06105922],423
424,0,[-0.850646    0.1815513  -0.04943803  0.06105922],[-0.84701496 -0.01282824 -0.04821684  0.33774343],424
425,0,[-0.84701496 -0.01282824 -0.04821684  0.33774343],[-0.84727156 -0.20723207 -0.04146197  0.61484003],425
426,0,[-0.84727156 -0.20723207 -0.04146197  0.61484003],[-0.8514162  -0.40175092 -0.02916517  0.8941812 ],426
427,0,[-0.8514162  -0.40175092 -0.02916517  0.8941812 ],[-0.8594512  -0.59646547 -0.01128155  1.1775554 ],427
428,0,[-0.8594512  -0.59646547 -0.01128155  1.1775554 ],[-0.8713805  -0.79143906  0.01226956  1.4666805 ],428
429,1,[-0.8713805  -0.79143906  0.01226956  1.4666805 ],[-0.8872093  -0.59646946  0.04160317  1.1778554 ],429
430,1,[-0.8872093  -0.59646946  0.04160317  1.1778554 ],[-0.8991387  -0.40191182  0.06516028  0.8984992 ],430
431,1,[-0.8991387  -0.40191182  0.06516028  0.8984992 ],[-0.9071769  -0.20773068  0.08313026  0.6269892 ],431
432,1,[-0.9071769  -0.20773068  0.08313026  0.6269892 ],[-0.91133153 -0.01386141  0.09567004  0.36160165],432
433,1,[-0.91133153 -0.01386141  0.09567004  0.36160165],[-0.91160876  0.17977975  0.10290208  0.10055228],433
434,1,[-0.91160876  0.17977975  0.10290208  0.10055228],[-0.90801316  0.37328795  0.10491312 -0.15797475],434
435,1,[-0.90801316  0.37328795  0.10491312 -0.15797475],[-0.9005474   0.5667636   0.10175363 -0.41580462],435
436,1,[-0.9005474   0.5667636   0.10175363 -0.41580462],[-0.88921213  0.7603073   0.09343754 -0.6747546 ],436
437,1,[-0.88921213  0.7603073   0.09343754 -0.6747546 ],[-0.874006    0.9540151   0.07994244 -0.9366181 ],437
438,1,[-0.874006    0.9540151   0.07994244 -0.9366181 ],[-0.8549257   1.1479733   0.06121008 -1.2031481 ],438
439,0,[-0.8549257   1.1479733   0.06121008 -1.2031481 ],[-0.8319662   0.95211565  0.03714712 -0.8919274 ],439
440,0,[-0.8319662   0.95211565  0.03714712 -0.8919274 ],[-0.8129239   0.75651     0.01930857 -0.58780265],440
441,0,[-0.8129239   0.75651     0.01930857 -0.58780265],[-0.7977937   0.5611231   0.00755252 -0.28910047],441
442,0,[-0.7977937   0.5611231   0.00755252 -0.28910047],[-0.78657126  0.36589426  0.00177051  0.00595483],442
443,0,[-0.78657126  0.36589426  0.00177051  0.00595483],[-0.77925336  0.17074695  0.00188961  0.29919586],443
444,0,[-0.77925336  0.17074695  0.00188961  0.29919586],[-0.77583843 -0.02440188  0.00787352  0.5924741 ],444
445,1,[-0.77583843 -0.02440188  0.00787352  0.5924741 ],[-0.7763265   0.17060897  0.01972301  0.3022817 ],445
446,1,[-0.7763265   0.17060897  0.01972301  0.3022817 ],[-0.7729143   0.36544436  0.02576864  0.01588367],446
447,1,[-0.7729143   0.36544436  0.02576864  0.01588367],[-0.7656054   0.56018746  0.02608631 -0.26855886],447
448,1,[-0.7656054   0.56018746  0.02608631 -0.26855886],[-0.7544016   0.7549276   0.02071514 -0.5529012 ],448
449,1,[-0.7544016   0.7549276   0.02071514 -0.5529012 ],[-0.7393031   0.9497526   0.00965711 -0.8389862 ],449
450,1,[-0.7393031   0.9497526   0.00965711 -0.8389862 ],[-0.72030807  1.1447414  -0.00712261 -1.1286166 ],450
451,1,[-0.72030807  1.1447414  -0.00712261 -1.1286166 ],[-0.6974132   1.3399559  -0.02969494 -1.423525  ],451
452,0,[-0.6974132   1.3399559  -0.02969494 -1.423525  ],[-0.67061406  1.1452134  -0.05816544 -1.140269  ],452
453,0,[-0.67061406  1.1452134  -0.05816544 -1.140269  ],[-0.64770985  0.95089805 -0.08097082 -0.86638   ],453
454,0,[-0.64770985  0.95089805 -0.08097082 -0.86638   ],[-0.62869185  0.7569659  -0.09829842 -0.6002142 ],454
455,0,[-0.62869185  0.7569659  -0.09829842 -0.6002142 ],[-0.6135526   0.56334656 -0.11030271 -0.34004045],455
456,0,[-0.6135526   0.56334656 -0.11030271 -0.34004045],[-0.6022856   0.3699528  -0.11710352 -0.08407596],456
457,0,[-0.6022856   0.3699528  -0.11710352 -0.08407596],[-0.59488654  0.1766872  -0.11878503  0.16948718],457
458,0,[-0.59488654  0.1766872  -0.11878503  0.16948718],[-0.5913528  -0.01655194 -0.11539529  0.4224626 ],458
459,0,[-0.5913528  -0.01655194 -0.11539529  0.4224626 ],[-0.59168386 -0.20986614 -0.10694604  0.6766544 ],459
460,0,[-0.59168386 -0.20986614 -0.10694604  0.6766544 ],[-0.59588116 -0.40335235 -0.09341295  0.9338434 ],460
461,1,[-0.59588116 -0.40335235 -0.09341295  0.9338434 ],[-0.60394824 -0.2071028  -0.07473608  0.613329  ],461
462,1,[-0.60394824 -0.2071028  -0.07473608  0.613329  ],[-0.6080903  -0.01102041 -0.0624695   0.29807445],462
463,1,[-0.6080903  -0.01102041 -0.0624695   0.29807445],[-0.6083107   0.18493383 -0.05650802 -0.01363765],463
464,1,[-0.6083107   0.18493383 -0.05650802 -0.01363765],[-0.604612    0.38081872 -0.05678077 -0.32360053],464
465,0,[-0.604612    0.38081872 -0.05678077 -0.32360053],[-0.59699565  0.18654934 -0.06325278 -0.04935064],465
466,0,[-0.59699565  0.18654934 -0.06325278 -0.04935064],[-0.59326464 -0.00761128 -0.06423979  0.22272395],466
467,0,[-0.59326464 -0.00761128 -0.06423979  0.22272395],[-0.59341687 -0.20175904 -0.05978531  0.49447137],467
468,0,[-0.59341687 -0.20175904 -0.05978531  0.49447137],[-0.59745204 -0.39598915 -0.04989588  0.7677296 ],468
469,0,[-0.59745204 -0.39598915 -0.04989588  0.7677296 ],[-0.60537183 -0.59038997 -0.03454129  1.0443046 ],469
470,1,[-0.60537183 -0.59038997 -0.03454129  1.0443046 ],[-0.61717963 -0.39482686 -0.0136552   0.7409818 ],470
471,1,[-0.61717963 -0.39482686 -0.0136552   0.7409818 ],[-0.6250762  -0.19951908  0.00116444  0.44403297],471
472,1,[-0.6250762  -0.19951908  0.00116444  0.44403297],[-0.6290666  -0.00441363  0.0100451   0.15171733],472
473,1,[-0.6290666  -0.00441363  0.0100451   0.15171733],[-0.6291548   0.19056305  0.01307944 -0.13777973],473
474,1,[-0.6291548   0.19056305  0.01307944 -0.13777973],[-0.62534356  0.38549525  0.01032385 -0.42630777],474
475,1,[-0.62534356  0.38549525  0.01032385 -0.42630777],[-0.61763364  0.5804695   0.00179769 -0.7157183 ],475
476,0,[-0.61763364  0.5804695   0.00179769 -0.7157183 ],[-0.60602427  0.38532266 -0.01251667 -0.42247012],476
477,0,[-0.60602427  0.38532266 -0.01251667 -0.42247012],[-0.5983178   0.19038026 -0.02096608 -0.13375922],477
478,0,[-0.5983178   0.19038026 -0.02096608 -0.13375922],[-0.5945102  -0.00443519 -0.02364126  0.15223616],478
479,0,[-0.5945102  -0.00443519 -0.02364126  0.15223616],[-0.59459895 -0.1992108  -0.02059654  0.43736804],479
480,0,[-0.59459895 -0.1992108  -0.02059654  0.43736804],[-0.59858316 -0.39403522 -0.01184918  0.7234878 ],480
481,1,[-0.59858316 -0.39403522 -0.01184918  0.7234878 ],[-0.60646385 -0.19875142  0.00262058  0.42709905],481
482,1,[-0.60646385 -0.19875142  0.00262058  0.42709905],[-0.6104389  -0.00366668  0.01116256  0.13524339],482
483,1,[-0.6104389  -0.00366668  0.01116256  0.13524339],[-0.6105122   0.19129361  0.01386743 -0.15389712],483
484,1,[-0.6105122   0.19129361  0.01386743 -0.15389712],[-0.60668635  0.3862143   0.01078949 -0.44217312],484
485,1,[-0.60668635  0.3862143   0.01078949 -0.44217312],[-0.59896207  0.5811819   0.00194602 -0.7314355 ],485
486,1,[-0.59896207  0.5811819   0.00194602 -0.7314355 ],[-0.5873384   0.77627695 -0.01268269 -1.0235053 ],486
487,1,[-0.5873384   0.77627695 -0.01268269 -1.0235053 ],[-0.57181287  0.9715655  -0.03315279 -1.3201432 ],487
488,0,[-0.57181287  0.9715655  -0.03315279 -1.3201432 ],[-0.5523816   0.77687794 -0.05955566 -1.0380175 ],488
489,0,[-0.5523816   0.77687794 -0.05955566 -1.0380175 ],[-0.536844    0.5825959  -0.08031601 -0.7646101 ],489
490,0,[-0.536844    0.5825959  -0.08031601 -0.7646101 ],[-0.5251921   0.3886664  -0.09560821 -0.49824113],490
491,0,[-0.5251921   0.3886664  -0.09560821 -0.49824113],[-0.51741874  0.19501328 -0.10557303 -0.23715408],491
492,0,[-0.51741874  0.19501328 -0.10557303 -0.23715408],[-0.5135185   0.00154559 -0.11031611  0.02045088],492
493,0,[-0.5135185   0.00154559 -0.11031611  0.02045088],[-0.5134876  -0.19183561 -0.1099071   0.27639225],493
494,0,[-0.5134876  -0.19183561 -0.1099071   0.27639225],[-0.51732427 -0.38523194 -0.10437925  0.5324887 ],494
495,0,[-0.51732427 -0.38523194 -0.10437925  0.5324887 ],[-0.52502894 -0.5787429  -0.09372947  0.79054356],495
496,1,[-0.52502894 -0.5787429  -0.09372947  0.79054356],[-0.5366038  -0.38246745 -0.0779186   0.46990654],496
497,1,[-0.5366038  -0.38246745 -0.0779186   0.46990654],[-0.5442531  -0.18633626 -0.06852048  0.15371749],497
498,0,[-0.5442531  -0.18633626 -0.06852048  0.15371749],[-0.54797983 -0.38041362 -0.06544612  0.42402112],498
499,0,[-0.54797983 -0.38041362 -0.06544612  0.42402112],[-0.5555881  -0.5745504  -0.05696571  0.6953754 ],499
