,Action,State (Before),State (After),Total Reward
1,0,"[-0.02359449, -0.00697271, -0.00953161, -0.02429779]",[-0.02373395 -0.20195669 -0.01001757  0.26536262],1
2,0,[-0.02373395 -0.20195669 -0.01001757  0.26536262],[-0.02777308 -0.39693424 -0.00471031  0.5548692 ],2
3,0,[-0.02777308 -0.39693424 -0.00471031  0.5548692 ],[-0.03571177 -0.59198976  0.00638707  0.8460643 ],3
4,1,[-0.03571177 -0.59198976  0.00638707  0.8460643 ],[-0.04755156 -0.3969555   0.02330836  0.55539674],4
5,1,[-0.04755156 -0.3969555   0.02330836  0.55539674],[-0.05549067 -0.20216843  0.03441629  0.27014753],5
6,1,[-0.05549067 -0.20216843  0.03441629  0.27014753],[-0.05953404 -0.00755408  0.03981924 -0.01148473],6
7,1,[-0.05953404 -0.00755408  0.03981924 -0.01148473],[-0.05968512  0.18697485  0.03958955 -0.29134306],7
8,1,[-0.05968512  0.18697485  0.03958955 -0.29134306],[-0.05594562  0.38151062  0.03376269 -0.5712818 ],8
9,1,[-0.05594562  0.38151062  0.03376269 -0.5712818 ],[-0.04831541  0.57614326  0.02233705 -0.85314   ],9
10,1,[-0.04831541  0.57614326  0.02233705 -0.85314   ],[-0.03679255  0.7709537   0.00527425 -1.1387162 ],10
11,1,[-0.03679255  0.7709537   0.00527425 -1.1387162 ],[-0.02137347  0.9660063  -0.01750007 -1.4297404 ],11
12,0,[-0.02137347  0.9660063  -0.01750007 -1.4297404 ],[-0.00205335  0.77110475 -0.04609488 -1.1425776 ],12
13,0,[-0.00205335  0.77110475 -0.04609488 -1.1425776 ],[ 0.01336875  0.57661444 -0.06894644 -0.8646991 ],13
14,0,[ 0.01336875  0.57661444 -0.06894644 -0.8646991 ],[ 0.02490103  0.3824953  -0.08624042 -0.59446645],14
15,0,[ 0.02490103  0.3824953  -0.08624042 -0.59446645],[ 0.03255094  0.18867956 -0.09812975 -0.33014655],15
16,0,[ 0.03255094  0.18867956 -0.09812975 -0.33014655],[ 0.03632453 -0.00491853 -0.10473268 -0.06995033],16
17,0,[ 0.03632453 -0.00491853 -0.10473268 -0.06995033],[ 0.03622616 -0.1983952  -0.10613169  0.1879393 ],17
18,0,[ 0.03622616 -0.1983952  -0.10613169  0.1879393 ],[ 0.03225826 -0.39185128 -0.1023729   0.44534647],18
19,0,[ 0.03225826 -0.39185128 -0.1023729   0.44534647],[ 0.02442123 -0.5853872  -0.09346597  0.70408535],19
20,0,[ 0.02442123 -0.5853872  -0.09346597  0.70408535],[ 0.01271349 -0.77909815 -0.07938426  0.9659445 ],20
21,0,[ 0.01271349 -0.77909815 -0.07938426  0.9659445 ],[-0.00286847 -0.9730693  -0.06006537  1.2326705 ],21
22,1,[-0.00286847 -0.9730693  -0.06006537  1.2326705 ],[-0.02232986 -0.77722865 -0.03541196  0.92179066],22
23,1,[-0.02232986 -0.77722865 -0.03541196  0.92179066],[-0.03787443 -0.58164656 -0.01697615  0.6181925 ],23
24,1,[-0.03787443 -0.58164656 -0.01697615  0.6181925 ],[-0.04950736 -0.38629162 -0.0046123   0.32021162],24
25,1,[-0.04950736 -0.38629162 -0.0046123   0.32021162],[-0.0572332  -0.1911043   0.00179193  0.02607771],25
26,1,[-0.0572332  -0.1911043   0.00179193  0.02607771],[-0.06105528  0.00399192  0.00231349 -0.2660393 ],26
27,1,[-0.06105528  0.00399192  0.00231349 -0.2660393 ],[-0.06097544  0.19908078 -0.0030073  -0.5579916 ],27
28,0,[-0.06097544  0.19908078 -0.0030073  -0.5579916 ],[-0.05699383  0.00400117 -0.01416713 -0.2662577 ],28
29,0,[-0.05699383  0.00400117 -0.01416713 -0.2662577 ],[-0.0569138  -0.19091575 -0.01949228  0.02192335],29
30,0,[-0.0569138  -0.19091575 -0.01949228  0.02192335],[-0.06073212 -0.38575283 -0.01905382  0.30839306],30
31,0,[-0.06073212 -0.38575283 -0.01905382  0.30839306],[-0.06844717 -0.5805982  -0.01288596  0.5950065 ],31
32,1,[-0.06844717 -0.5805982  -0.01288596  0.5950065 ],[-0.08005914 -0.38529825 -0.00098582  0.29829264],32
33,1,[-0.08005914 -0.38529825 -0.00098582  0.29829264],[-0.08776511 -0.19016227  0.00498003  0.00529897],33
34,1,[-0.08776511 -0.19016227  0.00498003  0.00529897],[-0.09156835  0.00488791  0.00508601 -0.28580856],34
35,1,[-0.09156835  0.00488791  0.00508601 -0.28580856],[-0.09147059  0.19993696 -0.00063016 -0.5768831 ],35
36,1,[-0.09147059  0.19993696 -0.00063016 -0.5768831 ],[-0.08747185  0.39506772 -0.01216782 -0.86976445],36
37,0,[-0.08747185  0.39506772 -0.01216782 -0.86976445],[-0.07957049  0.2001134  -0.02956311 -0.58093184],37
38,0,[-0.07957049  0.2001134  -0.02956311 -0.58093184],[-0.07556823  0.0054179  -0.04118175 -0.29770648],38
39,0,[-0.07556823  0.0054179  -0.04118175 -0.29770648],[-0.07545987 -0.18909355 -0.04713588 -0.01829069],39
40,0,[-0.07545987 -0.18909355 -0.04713588 -0.01829069],[-0.07924175 -0.38350895 -0.04750169  0.25915566],40
41,0,[-0.07924175 -0.38350895 -0.04750169  0.25915566],[-0.08691192 -0.5779217  -0.04231858  0.5364856 ],41
42,0,[-0.08691192 -0.5779217  -0.04231858  0.5364856 ],[-0.09847035 -0.77242386 -0.03158887  0.8155397 ],42
43,0,[-0.09847035 -0.77242386 -0.03158887  0.8155397 ],[-0.11391883 -0.96709937 -0.01527807  1.0981218 ],43
44,1,[-0.11391883 -0.96709937 -0.01527807  1.0981218 ],[-0.13326082 -0.77177966  0.00668436  0.80068475],44
45,1,[-0.13326082 -0.77177966  0.00668436  0.80068475],[-0.14869641 -0.57675004  0.02269806  0.51011205],45
46,1,[-0.14869641 -0.57675004  0.02269806  0.51011205],[-0.16023141 -0.3819551   0.0329003   0.22466752],46
47,1,[-0.16023141 -0.3819551   0.0329003   0.22466752],[-0.16787052 -0.18731841  0.03739365 -0.05745853],47
48,1,[-0.16787052 -0.18731841  0.03739365 -0.05745853],[-0.17161688  0.00724798  0.03624448 -0.33811292],48
49,1,[-0.17161688  0.00724798  0.03624448 -0.33811292],[-0.17147192  0.20183593  0.02948222 -0.6191496 ],49
50,1,[-0.17147192  0.20183593  0.02948222 -0.6191496 ],[-0.1674352   0.39653397  0.01709923 -0.90240324],50
51,0,[-0.1674352   0.39653397  0.01709923 -0.90240324],[-0.15950453  0.20118459 -0.00094884 -0.6043951 ],51
52,0,[-0.15950453  0.20118459 -0.00094884 -0.6043951 ],[-0.15548083  0.00607592 -0.01303674 -0.31201118],52
53,0,[-0.15548083  0.00607592 -0.01303674 -0.31201118],[-0.15535931 -0.1888579  -0.01927696 -0.02346798],53
54,0,[-0.15535931 -0.1888579  -0.01927696 -0.02346798],[-0.15913647 -0.38369817 -0.01974632  0.26307106],54
55,0,[-0.15913647 -0.38369817 -0.01974632  0.26307106],[-0.16681044 -0.57853276 -0.0144849   0.54946095],55
56,0,[-0.16681044 -0.57853276 -0.0144849   0.54946095],[-0.1783811  -0.7734483  -0.00349568  0.83754516],56
57,0,[-0.1783811  -0.7734483  -0.00349568  0.83754516],[-0.19385006 -0.9685223   0.01325522  1.1291267 ],57
58,1,[-0.19385006 -0.9685223   0.01325522  1.1291267 ],[-0.2132205  -0.7735765   0.03583775  0.84063053],58
59,1,[-0.2132205  -0.7735765   0.03583775  0.84063053],[-0.22869204 -0.5789616   0.05265037  0.5594297 ],59
60,1,[-0.22869204 -0.5789616   0.05265037  0.5594297 ],[-0.24027127 -0.38461667  0.06383896  0.28378832],60
61,1,[-0.24027127 -0.38461667  0.06383896  0.28378832],[-0.2479636  -0.1904606   0.06951473  0.01190335],61
62,1,[-0.2479636  -0.1904606   0.06951473  0.01190335],[-0.25177282  0.00359912  0.06975279 -0.25806233],62
63,1,[-0.25177282  0.00359912  0.06975279 -0.25806233],[-0.25170082  0.1976595   0.06459155 -0.52795434],63
64,0,[-0.25170082  0.1976595   0.06459155 -0.52795434],[-0.24774764  0.00169109  0.05403246 -0.215638  ],64
65,0,[-0.24774764  0.00169109  0.05403246 -0.215638  ],[-0.24771382 -0.19416001  0.0497197   0.09358773],65
66,0,[-0.24771382 -0.19416001  0.0497197   0.09358773],[-0.25159702 -0.38995802  0.05159146  0.4015334 ],66
67,1,[-0.25159702 -0.38995802  0.05159146  0.4015334 ],[-0.25939617 -0.19560437  0.05962212  0.12555195],67
68,1,[-0.25939617 -0.19560437  0.05962212  0.12555195],[-0.26330826 -0.001385    0.06213316 -0.14774092],68
69,1,[-0.26330826 -0.001385    0.06213316 -0.14774092],[-0.26333597  0.1927947   0.05917834 -0.42019302],69
70,1,[-0.26333597  0.1927947   0.05917834 -0.42019302],[-0.25948006  0.3870304   0.05077448 -0.6936483 ],70
71,1,[-0.25948006  0.3870304   0.05077448 -0.6936483 ],[-0.25173947  0.5814126   0.03690151 -0.96992457],71
72,0,[-0.25173947  0.5814126   0.03690151 -0.96992457],[-0.24011122  0.38581526  0.01750303 -0.6658817 ],72
73,0,[-0.24011122  0.38581526  0.01750303 -0.6658817 ],[-0.2323949   0.19045429  0.00418539 -0.36773947],73
74,0,[-0.2323949   0.19045429  0.00418539 -0.36773947],[-0.22858582 -0.00472688 -0.0031694  -0.07373978],74
75,0,[-0.22858582 -0.00472688 -0.0031694  -0.07373978],[-0.22868036 -0.19980326 -0.00464419  0.21794151],75
76,0,[-0.22868036 -0.19980326 -0.00464419  0.21794151],[-2.3267643e-01 -3.9485851e-01 -2.8536250e-04  5.0915587e-01],76
77,0,[-2.3267643e-01 -3.9485851e-01 -2.8536250e-04  5.0915587e-01],[-0.2405736  -0.58997643  0.00989775  0.8017488 ],77
78,0,[-0.2405736  -0.58997643  0.00989775  0.8017488 ],[-0.25237313 -0.7852327   0.02593273  1.0975288 ],78
79,1,[-0.25237313 -0.7852327   0.02593273  1.0975288 ],[-0.2680778  -0.5904616   0.04788331  0.8130938 ],79
80,1,[-0.2680778  -0.5904616   0.04788331  0.8130938 ],[-0.27988702 -0.39602706  0.06414519  0.5358485 ],80
81,1,[-0.27988702 -0.39602706  0.06414519  0.5358485 ],[-0.28780755 -0.20186295  0.07486215  0.2640471 ],81
82,1,[-0.28780755 -0.20186295  0.07486215  0.2640471 ],[-0.29184482 -0.00788493  0.08014309 -0.00411607],82
83,1,[-0.29184482 -0.00788493  0.08014309 -0.00411607],[-0.2920025   0.18600164  0.08006077 -0.2704756 ],83
84,1,[-0.2920025   0.18600164  0.08006077 -0.2704756 ],[-0.28828248  0.37989527  0.07465126 -0.5368717 ],84
85,1,[-0.28828248  0.37989527  0.07465126 -0.5368717 ],[-0.28068456  0.5738926   0.06391383 -0.8051301 ],85
86,1,[-0.28068456  0.5738926   0.06391383 -0.8051301 ],[-0.26920673  0.76808286  0.04781123 -1.0770429 ],86
87,1,[-0.26920673  0.76808286  0.04781123 -1.0770429 ],[-0.25384507  0.96254176  0.02627037 -1.3543468 ],87
88,0,[-0.25384507  0.96254176  0.02627037 -1.3543468 ],[-2.3459423e-01  7.6710010e-01 -8.1656914e-04 -1.0535629e+00],88
89,0,[-2.3459423e-01  7.6710010e-01 -8.1656914e-04 -1.0535629e+00],[-0.21925223  0.571989   -0.02188783 -0.76113635],89
90,0,[-0.21925223  0.571989   -0.02188783 -0.76113635],[-0.20781244  0.37717527 -0.03711055 -0.47542033],90
91,0,[-0.20781244  0.37717527 -0.03711055 -0.47542033],[-0.20026894  0.18259649 -0.04661896 -0.19466107],91
92,0,[-0.20026894  0.18259649 -0.04661896 -0.19466107],[-0.196617   -0.01182868 -0.05051218  0.08295882],92
93,0,[-0.196617   -0.01182868 -0.05051218  0.08295882],[-0.1968536  -0.20619152 -0.048853    0.35928696],93
94,0,[-0.1968536  -0.20619152 -0.048853    0.35928696],[-0.20097741 -0.4005862  -0.04166726  0.636174  ],94
95,0,[-0.20097741 -0.4005862  -0.04166726  0.636174  ],[-0.20898914 -0.595103   -0.02894378  0.9154494 ],95
96,0,[-0.20898914 -0.595103   -0.02894378  0.9154494 ],[-0.22089121 -0.78982186 -0.0106348   1.198897  ],96
97,1,[-0.22089121 -0.78982186 -0.0106348   1.198897  ],[-0.23668763 -0.5945639   0.01334314  0.90290004],97
98,1,[-0.23668763 -0.5945639   0.01334314  0.90290004],[-0.24857892 -0.3996252   0.03140114  0.61444086],98
99,1,[-0.24857892 -0.3996252   0.03140114  0.61444086],[-0.2565714  -0.20495579  0.04368996  0.33181107],99
100,1,[-0.2565714  -0.20495579  0.04368996  0.33181107],[-0.26067054 -0.01048207  0.05032618  0.05321961],100
101,1,[-0.26067054 -0.01048207  0.05032618  0.05321961],[-0.26088017  0.18388349  0.05139057 -0.22316997],101
102,1,[-0.26088017  0.18388349  0.05139057 -0.22316997],[-0.2572025   0.37823468  0.04692717 -0.4992097 ],102
103,1,[-0.2572025   0.37823468  0.04692717 -0.4992097 ],[-0.24963781  0.57266474  0.03694298 -0.77674216],103
104,1,[-0.24963781  0.57266474  0.03694298 -0.77674216],[-0.23818451  0.76725966  0.02140814 -1.0575767 ],104
105,0,[-0.23818451  0.76725966  0.02140814 -1.0575767 ],[-2.2283933e-01  5.7186067e-01  2.5660382e-04 -7.5825185e-01],105
106,0,[-2.2283933e-01  5.7186067e-01  2.5660382e-04 -7.5825185e-01],[-0.21140212  0.3767352  -0.01490843 -0.46548817],106
107,0,[-0.21140212  0.3767352  -0.01490843 -0.46548817],[-0.2038674   0.18182705 -0.0242182  -0.17754135],107
108,0,[-0.2038674   0.18182705 -0.0242182  -0.17754135],[-0.20023087 -0.0129401  -0.02776902  0.10740425],108
109,0,[-0.20023087 -0.0129401  -0.02776902  0.10740425],[-0.20048967 -0.20765333 -0.02562094  0.39119846],109
110,1,[-0.20048967 -0.20765333 -0.02562094  0.39119846],[-0.20464273 -0.01217731 -0.01779697  0.09054893],110
111,1,[-0.20464273 -0.01217731 -0.01779697  0.09054893],[-0.20488629  0.18319514 -0.01598599 -0.20769538],111
112,0,[-0.20488629  0.18319514 -0.01598599 -0.20769538],[-0.20122238 -0.01169461 -0.0201399   0.07990222],112
113,0,[-0.20122238 -0.01169461 -0.0201399   0.07990222],[-0.20145626 -0.20652215 -0.01854185  0.36616352],113
114,0,[-0.20145626 -0.20652215 -0.01854185  0.36616352],[-0.20558672 -0.40137577 -0.01121858  0.6529427 ],114
115,0,[-0.20558672 -0.40137577 -0.01121858  0.6529427 ],[-0.21361423 -0.5963397   0.00184027  0.94207203],115
116,1,[-0.21361423 -0.5963397   0.00184027  0.94207203],[-0.22554103 -0.4012426   0.02068171  0.6499679 ],116
117,1,[-0.22554103 -0.4012426   0.02068171  0.6499679 ],[-0.23356588 -0.20641474  0.03368107  0.36386862],117
118,1,[-0.23356588 -0.20641474  0.03368107  0.36386862],[-0.23769417 -0.01178727  0.04095844  0.08199333],118
119,1,[-0.23769417 -0.01178727  0.04095844  0.08199333],[-0.23792991  0.18272434  0.04259831 -0.19749096],119
120,1,[-0.23792991  0.18272434  0.04259831 -0.19749096],[-0.23427543  0.37721193  0.03864849 -0.47643757],120
121,1,[-0.23427543  0.37721193  0.03864849 -0.47643757],[-0.2267312   0.57176745  0.02911974 -0.7566931 ],121
122,1,[-0.2267312   0.57176745  0.02911974 -0.7566931 ],[-0.21529584  0.7664762   0.01398588 -1.0400724 ],122
123,1,[-0.21529584  0.7664762   0.01398588 -1.0400724 ],[-0.19996631  0.96140957 -0.00681557 -1.3283322 ],123
124,0,[-0.19996631  0.96140957 -0.00681557 -1.3283322 ],[-0.18073812  0.7663743  -0.03338221 -1.0377898 ],124
125,0,[-0.18073812  0.7663743  -0.03338221 -1.0377898 ],[-0.16541064  0.57171154 -0.05413801 -0.7557709 ],125
126,0,[-0.16541064  0.57171154 -0.05413801 -0.7557709 ],[-0.15397641  0.37737596 -0.06925343 -0.48060343],126
127,0,[-0.15397641  0.37737596 -0.06925343 -0.48060343],[-0.14642888  0.18329644 -0.0788655  -0.21052621],127
128,0,[-0.14642888  0.18329644 -0.0788655  -0.21052621],[-0.14276296 -0.01061448 -0.08307602  0.05627366],128
129,0,[-0.14276296 -0.01061448 -0.08307602  0.05627366],[-0.14297526 -0.20445307 -0.08195055  0.3216325 ],129
130,0,[-0.14297526 -0.20445307 -0.08195055  0.3216325 ],[-0.14706431 -0.3983182  -0.0755179   0.58738774],130
131,0,[-0.14706431 -0.3983182  -0.0755179   0.58738774],[-0.15503067 -0.59230584 -0.06377015  0.85535866],131
132,0,[-0.15503067 -0.59230584 -0.06377015  0.85535866],[-0.1668768  -0.7865035  -0.04666297  1.1273273 ],132
133,1,[-0.1668768  -0.7865035  -0.04666297  1.1273273 ],[-0.18260686 -0.59080225 -0.02411642  0.82038116],133
134,1,[-0.18260686 -0.59080225 -0.02411642  0.82038116],[-0.1944229  -0.39535874 -0.0077088   0.5202116 ],134
135,1,[-0.1944229  -0.39535874 -0.0077088   0.5202116 ],[-0.20233008 -0.20012912  0.00269543  0.22510946],135
136,1,[-0.20233008 -0.20012912  0.00269543  0.22510946],[-0.20633267 -0.00504579  0.00719762 -0.06672201],136
137,1,[-0.20633267 -0.00504579  0.00719762 -0.06672201],[-0.20643358  0.18997224  0.00586318 -0.35712537],137
138,0,[-0.20643358  0.18997224  0.00586318 -0.35712537],[-0.20263414 -0.00523258 -0.00127933 -0.06259942],138
139,0,[-0.20263414 -0.00523258 -0.00127933 -0.06259942],[-0.20273879 -0.20033617 -0.00253132  0.2296796 ],139
140,1,[-0.20273879 -0.20033617 -0.00253132  0.2296796 ],[-0.2067455  -0.00517814  0.00206228 -0.06380072],140
141,1,[-0.2067455  -0.00517814  0.00206228 -0.06380072],[-0.20684907  0.18991418  0.00078626 -0.35583228],141
142,1,[-0.20684907  0.18991418  0.00078626 -0.35583228],[-0.20305079  0.38502494 -0.00633038 -0.64826715],142
143,1,[-0.20305079  0.38502494 -0.00633038 -0.64826715],[-0.19535029  0.5802345  -0.01929573 -0.9429368 ],143
144,1,[-0.19535029  0.5802345  -0.01929573 -0.9429368 ],[-0.1837456   0.77561104 -0.03815446 -1.2416196 ],144
145,0,[-0.1837456   0.77561104 -0.03815446 -1.2416196 ],[-0.16823338  0.58099914 -0.06298686 -0.9611289 ],145
146,0,[-0.16823338  0.58099914 -0.06298686 -0.9611289 ],[-0.1566134   0.3867777  -0.08220943 -0.6888803 ],146
147,0,[-0.1566134   0.3867777  -0.08220943 -0.6888803 ],[-0.14887784  0.19288708 -0.09598704 -0.42316902],147
148,0,[-0.14887784  0.19288708 -0.09598704 -0.42316902],[-0.1450201  -0.00075331 -0.10445042 -0.16222236],148
149,0,[-0.1450201  -0.00075331 -0.10445042 -0.16222236],[-0.14503516 -0.19423695 -0.10769486  0.09576876],149
150,0,[-0.14503516 -0.19423695 -0.10769486  0.09576876],[-0.14891991 -0.38766375 -0.10577949  0.35262692],150
151,0,[-0.14891991 -0.38766375 -0.10577949  0.35262692],[-0.15667318 -0.581135   -0.09872695  0.6101704 ],151
152,0,[-0.15667318 -0.581135   -0.09872695  0.6101704 ],[-0.16829588 -0.7747484  -0.08652355  0.8701977 ],152
153,0,[-0.16829588 -0.7747484  -0.08652355  0.8701977 ],[-0.18379085 -0.96859354 -0.06911959  1.1344717 ],153
154,0,[-0.18379085 -0.96859354 -0.06911959  1.1344717 ],[-0.20316271 -1.1627463  -0.04643016  1.4047004 ],154
155,1,[-0.20316271 -1.1627463  -0.04643016  1.4047004 ],[-0.22641765 -0.96707964 -0.01833615  1.0978711 ],155
156,1,[-0.22641765 -0.96707964 -0.01833615  1.0978711 ],[-0.24575923 -0.7717212   0.00362127  0.7994921 ],156
157,1,[-0.24575923 -0.7717212   0.00362127  0.7994921 ],[-0.26119366 -0.57664907  0.01961111  0.50795054],157
158,1,[-0.26119366 -0.57664907  0.01961111  0.50795054],[-0.27272666 -0.38180885  0.02977012  0.2215117 ],158
159,1,[-0.27272666 -0.38180885  0.02977012  0.2215117 ],[-0.2803628  -0.18712479  0.03420036 -0.06163386],159
160,1,[-0.2803628  -0.18712479  0.03420036 -0.06163386],[-0.2841053   0.00749053  0.03296768 -0.34333318],160
161,1,[-0.2841053   0.00749053  0.03296768 -0.34333318],[-0.2839555   0.20212834  0.02610102 -0.62544054],161
162,1,[-0.2839555   0.20212834  0.02610102 -0.62544054],[-0.27991295  0.3968764   0.01359221 -0.9097903 ],162
163,0,[-0.27991295  0.3968764   0.01359221 -0.9097903 ],[-0.2719754   0.20157315 -0.0046036  -0.61286646],163
164,0,[-0.2719754   0.20157315 -0.0046036  -0.61286646],[-0.26794395  0.00651583 -0.01686093 -0.32163703],164
165,0,[-0.26794395  0.00651583 -0.01686093 -0.32163703],[-0.26781362 -0.188362   -0.02329367 -0.03431872],165
166,0,[-0.26781362 -0.188362   -0.02329367 -0.03431872],[-0.27158087 -0.3831423  -0.02398004  0.25092474],166
167,0,[-0.27158087 -0.3831423  -0.02398004  0.25092474],[-0.2792437  -0.57791376 -0.01896155  0.53594846],167
168,0,[-0.2792437  -0.57791376 -0.01896155  0.53594846],[-0.290802   -0.772764   -0.00824258  0.82259697],168
169,0,[-0.290802   -0.772764   -0.00824258  0.82259697],[-0.30625728 -0.96777225  0.00820936  1.112676  ],169
170,1,[-0.30625728 -0.96777225  0.00820936  1.112676  ],[-0.32561272 -0.7727591   0.03046288  0.8225797 ],170
171,1,[-0.32561272 -0.7727591   0.03046288  0.8225797 ],[-0.3410679  -0.5780668   0.04691448  0.53963155],171
172,1,[-0.3410679  -0.5780668   0.04691448  0.53963155],[-0.35262924 -0.3836347   0.05770711  0.26209202],172
173,1,[-0.35262924 -0.3836347   0.05770711  0.26209202],[-0.36030194 -0.18938193  0.06294895 -0.01184563],173
174,1,[-0.36030194 -0.18938193  0.06294895 -0.01184563],[-0.36408958  0.00478342  0.06271204 -0.28402203],174
175,1,[-0.36408958  0.00478342  0.06271204 -0.28402203],[-0.3639939   0.19895747  0.0570316  -0.5562853 ],175
176,1,[-0.3639939   0.19895747  0.0570316  -0.5562853 ],[-0.36001474  0.3932343   0.04590589 -0.83046854],176
177,0,[-0.36001474  0.3932343   0.04590589 -0.83046854],[-0.35215005  0.19751595  0.02929652 -0.5237087 ],177
178,0,[-0.35215005  0.19751595  0.02929652 -0.5237087 ],[-0.34819975  0.0019942   0.01882235 -0.22193998],178
179,0,[-0.34819975  0.0019942   0.01882235 -0.22193998],[-0.34815985 -0.19339165  0.01438355  0.07662033],179
180,0,[-0.34815985 -0.19339165  0.01438355  0.07662033],[-0.35202768 -0.38871682  0.01591595  0.3738064 ],180
181,0,[-0.35202768 -0.38871682  0.01591595  0.3738064 ],[-0.35980204 -0.5840612   0.02339208  0.6714649 ],181
182,1,[-0.35980204 -0.5840612   0.02339208  0.6714649 ],[-0.37148327 -0.38927212  0.03682138  0.3862379 ],182
183,1,[-0.37148327 -0.38927212  0.03682138  0.3862379 ],[-0.3792687  -0.1946917   0.04454614  0.10538814],183
184,1,[-0.3792687  -0.1946917   0.04454614  0.10538814],[-3.8316253e-01 -2.3549081e-04  4.6653900e-02 -1.7291458e-01],184
185,1,[-3.8316253e-01 -2.3549081e-04  4.6653900e-02 -1.7291458e-01],[-0.38316724  0.19418876  0.04319561 -0.45052236],185
186,1,[-0.38316724  0.19418876  0.04319561 -0.45052236],[-0.37928346  0.38867402  0.03418516 -0.72928256],186
187,1,[-0.37928346  0.38867402  0.03418516 -0.72928256],[-0.37151     0.5833072   0.01959951 -1.0110133 ],187
188,1,[-0.37151     0.5833072   0.01959951 -1.0110133 ],[-3.5984385e-01  7.7816218e-01 -6.2075484e-04 -1.2974777e+00],188
189,0,[-3.5984385e-01  7.7816218e-01 -6.2075484e-04 -1.2974777e+00],[-0.3442806   0.5830481  -0.02657031 -1.0049891 ],189
190,0,[-0.3442806   0.5830481  -0.02657031 -1.0049891 ],[-0.33261964  0.38829094 -0.04667009 -0.72076726],190
191,0,[-0.33261964  0.38829094 -0.04667009 -0.72076726],[-0.3248538   0.19384465 -0.06108544 -0.44313145],191
192,0,[-0.3248538   0.19384465 -0.06108544 -0.44313145],[-0.3209769  -0.00036217 -0.06994807 -0.17031252],192
193,0,[-0.3209769  -0.00036217 -0.06994807 -0.17031252],[-0.32098415 -0.19441685 -0.07335432  0.09950972],193
194,0,[-0.32098415 -0.19441685 -0.07335432  0.09950972],[-0.3248725  -0.38841504 -0.07136413  0.3681776 ],194
195,0,[-0.3248725  -0.38841504 -0.07136413  0.3681776 ],[-0.3326408  -0.5824542  -0.06400057  0.6375323 ],195
196,0,[-0.3326408  -0.5824542  -0.06400057  0.6375323 ],[-0.3442899  -0.7766281  -0.05124993  0.9093934 ],196
197,1,[-0.3442899  -0.7766281  -0.05124993  0.9093934 ],[-0.35982245 -0.5808513  -0.03306206  0.601053  ],197
198,1,[-0.35982245 -0.5808513  -0.03306206  0.601053  ],[-0.3714395  -0.38528284 -0.021041    0.29814214],198
199,1,[-0.3714395  -0.38528284 -0.021041    0.29814214],[-0.37914515 -0.18986738 -0.01507815 -0.00110177],199
200,1,[-0.37914515 -0.18986738 -0.01507815 -0.00110177],[-0.38294247  0.00546753 -0.01510019 -0.29850364],200
201,1,[-0.38294247  0.00546753 -0.01510019 -0.29850364],[-0.38283312  0.20080143 -0.02107026 -0.5959104 ],201
202,0,[-0.38283312  0.20080143 -0.02107026 -0.5959104 ],[-0.3788171   0.0059806  -0.03298847 -0.3099382 ],202
203,0,[-0.3788171   0.0059806  -0.03298847 -0.3099382 ],[-0.37869748 -0.18865618 -0.03918723 -0.02783871],203
204,0,[-0.37869748 -0.18865618 -0.03918723 -0.02783871],[-0.3824706  -0.3831949  -0.03974401  0.25222722],204
205,0,[-0.3824706  -0.3831949  -0.03974401  0.25222722],[-0.3901345  -0.57772744 -0.03469946  0.53211397],205
206,0,[-0.3901345  -0.57772744 -0.03469946  0.53211397],[-0.40168905 -0.7723446  -0.02405718  0.8136644 ],206
207,0,[-0.40168905 -0.7723446  -0.02405718  0.8136644 ],[-0.41713595 -0.967129   -0.0077839   1.0986842 ],207
208,1,[-0.41713595 -0.967129   -0.0077839   1.0986842 ],[-0.43647853 -0.7719054   0.01418979  0.8035694 ],208
209,1,[-0.43647853 -0.7719054   0.01418979  0.8035694 ],[-0.45191664 -0.5769809   0.03026118  0.5153836 ],209
210,1,[-0.45191664 -0.5769809   0.03026118  0.5153836 ],[-0.46345624 -0.38229784  0.04056885  0.23238821],210
211,1,[-0.46345624 -0.38229784  0.04056885  0.23238821],[-0.4711022  -0.18777835  0.04521661 -0.04722698],211
212,1,[-0.4711022  -0.18777835  0.04521661 -0.04722698],[-0.47485778  0.00666704  0.04427207 -0.32530782],212
213,1,[-0.47485778  0.00666704  0.04427207 -0.32530782],[-0.47472444  0.2011316   0.03776592 -0.6037071 ],213
214,1,[-0.47472444  0.2011316   0.03776592 -0.6037071 ],[-0.4707018   0.39570558  0.02569178 -0.8842594 ],214
215,0,[-0.4707018   0.39570558  0.02569178 -0.8842594 ],[-0.4627877   0.20024435  0.00800659 -0.5836118 ],215
216,0,[-0.4627877   0.20024435  0.00800659 -0.5836118 ],[-0.45878282  0.00501116 -0.00366565 -0.28841746],216
217,0,[-0.45878282  0.00501116 -0.00366565 -0.28841746],[-0.4586826  -0.19005832 -0.009434    0.0031071 ],217
218,0,[-0.4586826  -0.19005832 -0.009434    0.0031071 ],[-0.46248376 -0.3850437  -0.00937186  0.29279864],218
219,0,[-0.46248376 -0.3850437  -0.00937186  0.29279864],[-0.47018462 -0.5800308  -0.00351588  0.5825111 ],219
220,1,[-0.47018462 -0.5800308  -0.00351588  0.5825111 ],[-0.48178524 -0.38485977  0.00813434  0.28872272],220
221,1,[-0.48178524 -0.38485977  0.00813434  0.28872272],[-0.48948243 -0.18985476  0.01390879 -0.00138367],221
222,1,[-0.48948243 -0.18985476  0.01390879 -0.00138367],[-0.49327955  0.005065    0.01388112 -0.28964594],222
223,0,[-0.49327955  0.005065    0.01388112 -0.28964594],[-0.49317825 -0.19025211  0.0080882   0.00738241],223
224,0,[-0.49317825 -0.19025211  0.0080882   0.00738241],[-0.4969833  -0.38548914  0.00823585  0.30260625],224
225,0,[-0.4969833  -0.38548914  0.00823585  0.30260625],[-0.50469303 -0.58072746  0.01428797  0.5978752 ],225
226,1,[-0.50469303 -0.58072746  0.01428797  0.5978752 ],[-0.5163076  -0.38580835  0.02624548  0.3097268 ],226
227,1,[-0.5163076  -0.38580835  0.02624548  0.3097268 ],[-0.5240238  -0.19106998  0.03244001  0.02543515],227
228,1,[-0.5240238  -0.19106998  0.03244001  0.02543515],[-0.5278452   0.00357211  0.03294872 -0.25683868],228
229,1,[-0.5278452   0.00357211  0.03294872 -0.25683868],[-0.52777374  0.19820853  0.02781194 -0.53894967],229
230,0,[-0.52777374  0.19820853  0.02781194 -0.53894967],[-0.52380955  0.00270687  0.01703295 -0.23763493],230
231,0,[-0.52380955  0.00270687  0.01703295 -0.23763493],[-0.52375543 -0.19265424  0.01228025  0.06037166],231
232,1,[-0.52375543 -0.19265424  0.01228025  0.06037166],[-0.5276085   0.00228951  0.01348768 -0.22841161],232
233,1,[-0.5276085   0.00228951  0.01348768 -0.22841161],[-0.52756274  0.19721615  0.00891945 -0.5168097 ],233
234,1,[-0.52756274  0.19721615  0.00891945 -0.5168097 ],[-0.5236184   0.39221138 -0.00141674 -0.80666864],234
235,0,[-0.5236184   0.39221138 -0.00141674 -0.80666864],[-0.5157742   0.19710888 -0.01755011 -0.5144317 ],235
236,0,[-0.5157742   0.19710888 -0.01755011 -0.5144317 ],[-0.511832    0.00223842 -0.02783875 -0.2273305 ],236
237,0,[-0.511832    0.00223842 -0.02783875 -0.2273305 ],[-0.51178724 -0.19247484 -0.03238536  0.05644271],237
238,0,[-0.51178724 -0.19247484 -0.03238536  0.05644271],[-0.51563674 -0.38711783 -0.0312565   0.33873448],238
239,0,[-0.51563674 -0.38711783 -0.0312565   0.33873448],[-0.5233791  -0.5817814  -0.02448181  0.6213993 ],239
240,0,[-0.5233791  -0.5817814  -0.02448181  0.6213993 ],[-0.5350147  -0.7765531  -0.01205383  0.9062723 ],240
241,0,[-0.5350147  -0.7765531  -0.01205383  0.9062723 ],[-0.55054575 -0.97150975  0.00607162  1.1951424 ],241
242,1,[-0.55054575 -0.97150975  0.00607162  1.1951424 ],[-0.569976   -0.77646697  0.02997446  0.9043686 ],242
243,1,[-0.569976   -0.77646697  0.02997446  0.9043686 ],[-0.5855053  -0.5817635   0.04806184  0.62125576],243
244,1,[-0.5855053  -0.5817635   0.04806184  0.62125576],[-0.59714055 -0.3873445   0.06048695  0.34408876],244
245,1,[-0.59714055 -0.3873445   0.06048695  0.34408876],[-0.6048875  -0.19313286  0.06736872  0.07107636],245
246,1,[-0.6048875  -0.19313286  0.06736872  0.07107636],[-0.6087501   0.00096182  0.06879025 -0.1996138 ],246
247,1,[-0.6087501   0.00096182  0.06879025 -0.1996138 ],[-0.60873085  0.1950359   0.06479798 -0.46982804],247
248,0,[-0.60873085  0.1950359   0.06479798 -0.46982804],[-0.60483015 -0.00093867  0.05540141 -0.1574458 ],248
249,1,[-0.60483015 -0.00093867  0.05540141 -0.1574458 ],[-0.6048489   0.19334811  0.0522525  -0.43214917],249
250,1,[-0.6048489   0.19334811  0.0522525  -0.43214917],[-0.60098195  0.38769278  0.04360951 -0.70791304],250
251,0,[-0.60098195  0.38769278  0.04360951 -0.70791304],[-0.5932281   0.19199473  0.02945125 -0.40182793],251
252,0,[-0.5932281   0.19199473  0.02945125 -0.40182793],[-0.58938825 -0.00353231  0.0214147  -0.10000713],252
253,0,[-0.58938825 -0.00353231  0.0214147  -0.10000713],[-0.5894589  -0.19895452  0.01941455  0.19935441],253
254,0,[-0.5894589  -0.19895452  0.01941455  0.19935441],[-0.59343797 -0.3943487   0.02340164  0.49809796],254
255,0,[-0.59343797 -0.3943487   0.02340164  0.49809796],[-0.6013249  -0.58979267  0.0333636   0.79806304],255
256,1,[-0.6013249  -0.58979267  0.0333636   0.79806304],[-0.6131208  -0.39514396  0.04932486  0.5160596 ],256
257,1,[-0.6131208  -0.39514396  0.04932486  0.5160596 ],[-0.62102365 -0.20075001  0.05964606  0.23931894],257
258,1,[-0.62102365 -0.20075001  0.05964606  0.23931894],[-0.6250387  -0.0065286   0.06443243 -0.03396954],258
259,1,[-0.6250387  -0.0065286   0.06443243 -0.03396954],[-0.6251692   0.18761303  0.06375304 -0.30564767],259
260,1,[-0.6251692   0.18761303  0.06375304 -0.30564767],[-0.621417    0.3817713   0.05764009 -0.5775627 ],260
261,1,[-0.621417    0.3817713   0.05764009 -0.5775627 ],[-0.6137816   0.57603997  0.04608883 -0.85154504],261
262,1,[-0.6137816   0.57603997  0.04608883 -0.85154504],[-0.60226077  0.7705043   0.02905793 -1.1293864 ],262
263,0,[-0.60226077  0.7705043   0.02905793 -1.1293864 ],[-0.58685064  0.57501405  0.00647021 -0.82773304],263
264,0,[-0.58685064  0.57501405  0.00647021 -0.82773304],[-0.5753504   0.37980425 -0.01008445 -0.5330222 ],264
265,0,[-0.5753504   0.37980425 -0.01008445 -0.5330222 ],[-0.5677543   0.18482557 -0.0207449  -0.24353383],265
266,0,[-0.5677543   0.18482557 -0.0207449  -0.24353383],[-0.56405777 -0.00999402 -0.02561557  0.04253412],266
267,0,[-0.56405777 -0.00999402 -0.02561557  0.04253412],[-0.5642577  -0.20473947 -0.02476489  0.3270263 ],267
268,0,[-0.5642577  -0.20473947 -0.02476489  0.3270263 ],[-0.56835246 -0.39950025 -0.01822437  0.61179775],268
269,0,[-0.56835246 -0.39950025 -0.01822437  0.61179775],[-0.57634246 -0.5943628  -0.00598841  0.8986854 ],269
270,0,[-0.57634246 -0.5943628  -0.00598841  0.8986854 ],[-0.5882297 -0.7894031  0.0119853  1.18948  ],270
271,1,[-0.5882297 -0.7894031  0.0119853  1.18948  ],[-0.6040178  -0.5944385   0.03577489  0.9005777 ],271
272,1,[-0.6040178  -0.5944385   0.03577489  0.9005777 ],[-0.61590654 -0.3998191   0.05378645  0.61935097],272
273,1,[-0.61590654 -0.3998191   0.05378645  0.61935097],[-0.6239029  -0.20548801  0.06617347  0.34408146],273
274,1,[-0.6239029  -0.20548801  0.06617347  0.34408146],[-0.6280127  -0.01136679  0.0730551   0.07297774],274
275,1,[-0.6280127  -0.01136679  0.0730551   0.07297774],[-0.62824005  0.18263592  0.07451465 -0.19579102],275
276,0,[-0.62824005  0.18263592  0.07451465 -0.19579102],[-0.6245873  -0.01346842  0.07059883  0.11943626],276
277,0,[-0.6245873  -0.01346842  0.07059883  0.11943626],[-0.62485665 -0.20952713  0.07298756  0.43353057],277
278,1,[-0.62485665 -0.20952713  0.07298756  0.43353057],[-0.6290472  -0.01551034  0.08165817  0.16471949],278
279,1,[-0.6290472  -0.01551034  0.08165817  0.16471949],[-0.62935746  0.1783535   0.08495256 -0.10112644],279
280,1,[-0.62935746  0.1783535   0.08495256 -0.10112644],[-0.62579036  0.37216172  0.08293003 -0.36584434],280
281,1,[-0.62579036  0.37216172  0.08293003 -0.36584434],[-0.6183471   0.5660133   0.07561314 -0.63126886],281
282,1,[-0.6183471   0.5660133   0.07561314 -0.63126886],[-0.6070269   0.7600033   0.06298777 -0.8992134 ],282
283,1,[-0.6070269   0.7600033   0.06298777 -0.8992134 ],[-0.5918268  0.9542177  0.0450035 -1.1714511],283
284,0,[-0.5918268  0.9542177  0.0450035 -1.1714511],[-0.57274246  0.7585404   0.02157448 -0.86500573],284
285,0,[-0.57274246  0.7585404   0.02157448 -0.86500573],[-0.55757165  0.5631315   0.00427436 -0.5656183 ],285
286,0,[-0.55757165  0.5631315   0.00427436 -0.5656183 ],[-0.546309    0.36794984 -0.007038   -0.27159178],286
287,0,[-0.546309    0.36794984 -0.007038   -0.27159178],[-0.53895     0.17292903 -0.01246984  0.01886304],287
288,0,[-0.53895     0.17292903 -0.01246984  0.01886304],[-0.5354914  -0.02201189 -0.01209258  0.30758566],288
289,0,[-0.5354914  -0.02201189 -0.01209258  0.30758566],[-0.53593165 -0.21695946 -0.00594086  0.5964305 ],289
290,0,[-0.53593165 -0.21695946 -0.00594086  0.5964305 ],[-0.54027086 -0.41199777  0.00598775  0.8872362 ],290
291,1,[-0.54027086 -0.41199777  0.00598775  0.8872362 ],[-0.5485108  -0.21695761  0.02373247  0.59644157],291
292,1,[-0.5485108  -0.21695761  0.02373247  0.59644157],[-0.55284995 -0.02217568  0.0356613   0.31132767],292
293,1,[-0.55284995 -0.02217568  0.0356613   0.31132767],[-0.55329347  0.17242055  0.04188786  0.03010111],293
294,1,[-0.55329347  0.17242055  0.04188786  0.03010111],[-0.54984504  0.36691755  0.04248988 -0.24907705],294
295,1,[-0.54984504  0.36691755  0.04248988 -0.24907705],[-0.5425067   0.56140774  0.03750833 -0.5280608 ],295
296,1,[-0.5425067   0.56140774  0.03750833 -0.5280608 ],[-0.53127855  0.75598246  0.02694712 -0.8086927 ],296
297,1,[-0.53127855  0.75598246  0.02694712 -0.8086927 ],[-0.5161589   0.950725    0.01077327 -1.0927789 ],297
298,0,[-0.5161589   0.950725    0.01077327 -1.0927789 ],[-0.4971444   0.75546277 -0.01108231 -0.79673535],298
299,0,[-0.4971444   0.75546277 -0.01108231 -0.79673535],[-0.48203516  0.5604946  -0.02701702 -0.5075592 ],299
300,0,[-0.48203516  0.5604946  -0.02701702 -0.5075592 ],[-0.47082525  0.36576355 -0.0371682  -0.22351123],300
301,0,[-0.47082525  0.36576355 -0.0371682  -0.22351123],[-0.46350998  0.171192   -0.04163843  0.05721957],301
302,0,[-0.46350998  0.171192   -0.04163843  0.05721957],[-0.46008614 -0.02330896 -0.04049404  0.33647996],302
303,0,[-0.46008614 -0.02330896 -0.04049404  0.33647996],[-0.46055233 -0.21783194 -0.03376444  0.61612326],303
304,0,[-0.46055233 -0.21783194 -0.03376444  0.61612326],[-0.46490896 -0.41246632 -0.02144197  0.89798355],304
305,1,[-0.46490896 -0.41246632 -0.02144197  0.89798355],[-0.4731583  -0.21706037 -0.0034823   0.5986386 ],305
306,1,[-0.4731583  -0.21706037 -0.0034823   0.5986386 ],[-0.4774995  -0.02188988  0.00849047  0.3048608 ],306
307,1,[-0.4774995  -0.02188988  0.00849047  0.3048608 ],[-0.4779373   0.17311005  0.01458769  0.01486761],307
308,1,[-0.4779373   0.17311005  0.01458769  0.01486761],[-0.4744751   0.3680198   0.01488504 -0.27317727],308
309,1,[-0.4744751   0.3680198   0.01488504 -0.27317727],[-0.46711472  0.56292623  0.00942149 -0.5611285 ],309
310,1,[-0.46711472  0.56292623  0.00942149 -0.5611285 ],[-0.45585617  0.7579147  -0.00180108 -0.85082835],310
311,0,[-0.45585617  0.7579147  -0.00180108 -0.85082835],[-0.44069788  0.56281734 -0.01881764 -0.5587123 ],311
312,0,[-0.44069788  0.56281734 -0.01881764 -0.5587123 ],[-0.42944154  0.36796454 -0.02999189 -0.27201688],312
313,0,[-0.42944154  0.36796454 -0.02999189 -0.27201688],[-0.42208225  0.17328309 -0.03543223  0.01105766],313
314,0,[-0.42208225  0.17328309 -0.03543223  0.01105766],[-0.4186166  -0.02131327 -0.03521108  0.2923541 ],314
315,0,[-0.4186166  -0.02131327 -0.03521108  0.2923541 ],[-0.41904286 -0.21591595 -0.02936399  0.57372725],315
316,0,[-0.41904286 -0.21591595 -0.02936399  0.57372725],[-0.42336118 -0.41061416 -0.01788945  0.8570169 ],316
317,0,[-0.42336118 -0.41061416 -0.01788945  0.8570169 ],[-4.3157345e-01 -6.0548788e-01 -7.4910809e-04  1.1440215e+00],317
318,1,[-4.3157345e-01 -6.0548788e-01 -7.4910809e-04  1.1440215e+00],[-0.4436832  -0.41035613  0.02213132  0.8511037 ],318
319,1,[-0.4436832  -0.41035613  0.02213132  0.8511037 ],[-0.45189032 -0.21554282  0.0391534   0.5654614 ],319
320,1,[-0.45189032 -0.21554282  0.0391534   0.5654614 ],[-0.4562012  -0.02099141  0.05046262  0.2853661 ],320
321,1,[-0.4562012  -0.02099141  0.05046262  0.2853661 ],[-0.45662102  0.17337587  0.05616995  0.00901601],321
322,1,[-0.45662102  0.17337587  0.05616995  0.00901601],[-0.4531535   0.36764917  0.05635026 -0.26542905],322
323,1,[-0.4531535   0.36764917  0.05635026 -0.26542905],[-0.4458005   0.56192344  0.05104169 -0.5398197 ],323
324,1,[-0.4458005   0.56192344  0.05104169 -0.5398197 ],[-0.43456206  0.75629216  0.04024529 -0.81599337],324
325,1,[-0.43456206  0.75629216  0.04024529 -0.81599337],[-0.41943622  0.95084065  0.02392542 -1.0957508 ],325
326,0,[-0.41943622  0.95084065  0.02392542 -1.0957508 ],[-0.40041938  0.7554119   0.00201041 -0.79565823],326
327,0,[-0.40041938  0.7554119   0.00201041 -0.79565823],[-0.38531116  0.56026244 -0.01390276 -0.50234354],327
328,0,[-0.38531116  0.56026244 -0.01390276 -0.50234354],[-0.3741059   0.36533916 -0.02394963 -0.2140742 ],328
329,0,[-0.3741059   0.36533916 -0.02394963 -0.2140742 ],[-0.36679912  0.17056766 -0.02823111  0.07095876],329
330,0,[-0.36679912  0.17056766 -0.02823111  0.07095876],[-0.36338776 -0.02413842 -0.02681194  0.35460266],330
331,0,[-0.36338776 -0.02413842 -0.02681194  0.35460266],[-0.36387053 -0.21886908 -0.01971989  0.63871187],331
332,0,[-0.36387053 -0.21886908 -0.01971989  0.63871187],[-0.36824793 -0.4137106  -0.00694565  0.92512006],332
333,1,[-0.36824793 -0.4137106  -0.00694565  0.92512006],[-0.37652212 -0.21849553  0.01155675  0.63026255],333
334,1,[-0.37652212 -0.21849553  0.01155675  0.63026255],[-0.38089204 -0.02353673  0.024162    0.34124148],334
335,1,[-0.38089204 -0.02353673  0.024162    0.34124148],[-0.38136277  0.17123327  0.03098683  0.05627469],335
336,1,[-0.38136277  0.17123327  0.03098683  0.05627469],[-0.37793812  0.36589754  0.03211233 -0.22647285],336
337,1,[-0.37793812  0.36589754  0.03211233 -0.22647285],[-0.37062016  0.56054616  0.02758287 -0.5088559 ],337
338,1,[-0.37062016  0.56054616  0.02758287 -0.5088559 ],[-0.35940924  0.7552689   0.01740575 -0.7927205 ],338
339,1,[-0.35940924  0.7552689   0.01740575 -0.7927205 ],[-0.34430385  0.9501476   0.00155134 -1.0798773 ],339
340,0,[-0.34430385  0.9501476   0.00155134 -1.0798773 ],[-0.3253009   0.75500524 -0.0200462  -0.78670794],340
341,0,[-0.3253009   0.75500524 -0.0200462  -0.78670794],[-0.3102008   0.56016433 -0.03578036 -0.5003985 ],341
342,0,[-0.3102008   0.56016433 -0.03578036 -0.5003985 ],[-0.29899752  0.36556453 -0.04578833 -0.21920288],342
343,0,[-0.29899752  0.36556453 -0.04578833 -0.21920288],[-0.29168624  0.17112601 -0.05017239  0.05869218],343
344,0,[-0.29168624  0.17112601 -0.05017239  0.05869218],[-0.2882637  -0.02324201 -0.04899855  0.3351328 ],344
345,0,[-0.2882637  -0.02324201 -0.04899855  0.3351328 ],[-0.28872854 -0.21763362 -0.04229589  0.6119705 ],345
346,0,[-0.28872854 -0.21763362 -0.04229589  0.6119705 ],[-0.29308122 -0.4121397  -0.03005648  0.8910374 ],346
347,1,[-0.29308122 -0.4121397  -0.03005648  0.8910374 ],[-0.301324   -0.21662316 -0.01223573  0.58905977],347
348,1,[-0.301324   -0.21662316 -0.01223573  0.58905977],[-0.30565646 -0.02133203 -0.00045454  0.29254776],348
349,1,[-0.30565646 -0.02133203 -0.00045454  0.29254776],[-3.0608311e-01  1.7379640e-01  5.3964164e-03 -2.7848023e-04],349
350,1,[-3.0608311e-01  1.7379640e-01  5.3964164e-03 -2.7848023e-04],[-0.30260718  0.36884055  0.00539085 -0.2912539 ],350
351,1,[-0.30260718  0.36884055  0.00539085 -0.2912539 ],[-2.9523039e-01  5.6388521e-01 -4.3423116e-04 -5.8223176e-01],351
352,1,[-2.9523039e-01  5.6388521e-01 -4.3423116e-04 -5.8223176e-01],[-0.28395268  0.75901324 -0.01207887 -0.87505144],352
353,0,[-0.28395268  0.75901324 -0.01207887 -0.87505144],[-0.2687724   0.5640576  -0.02957989 -0.58619034],353
354,0,[-0.2687724   0.5640576  -0.02957989 -0.58619034],[-0.25749126  0.36936215 -0.0413037  -0.30297017],354
355,0,[-0.25749126  0.36936215 -0.0413037  -0.30297017],[-0.250104    0.17485243 -0.04736311 -0.0235943 ],355
356,0,[-0.250104    0.17485243 -0.04736311 -0.0235943 ],[-0.24660696 -0.01955942 -0.04783499  0.2537769 ],356
357,0,[-0.24660696 -0.01955942 -0.04783499  0.2537769 ],[-0.24699815 -0.21396688 -0.04275945  0.5309964 ],357
358,0,[-0.24699815 -0.21396688 -0.04275945  0.5309964 ],[-0.25127748 -0.40846208 -0.03213952  0.8099051 ],358
359,1,[-0.25127748 -0.40846208 -0.03213952  0.8099051 ],[-0.25944674 -0.21291487 -0.01594142  0.50728834],359
360,1,[-0.25944674 -0.21291487 -0.01594142  0.50728834],[-0.26370502 -0.01757197 -0.00579566  0.20962465],360
361,1,[-0.26370502 -0.01757197 -0.00579566  0.20962465],[-0.26405647  0.17763238 -0.00160316 -0.08488085],361
362,1,[-0.26405647  0.17763238 -0.00160316 -0.08488085],[-0.26050383  0.37277728 -0.00330078 -0.37806916],362
363,0,[-0.26050383  0.37277728 -0.00330078 -0.37806916],[-0.25304827  0.17770235 -0.01086216 -0.08642879],363
364,0,[-0.25304827  0.17770235 -0.01086216 -0.08642879],[-0.24949422 -0.01726223 -0.01259074  0.20280741],364
365,0,[-0.24949422 -0.01726223 -0.01259074  0.20280741],[-0.24983947 -0.21220188 -0.00853459  0.49149212],365
366,0,[-0.24983947 -0.21220188 -0.00853459  0.49149212],[-0.2540835  -0.4072024   0.00129525  0.7814731 ],366
367,1,[-0.2540835  -0.4072024   0.00129525  0.7814731 ],[-0.26222757 -0.21209829  0.01692471  0.489198  ],367
368,1,[-0.26222757 -0.21209829  0.01692471  0.489198  ],[-0.26646954 -0.01721914  0.02670867  0.20189677],368
369,1,[-0.26646954 -0.01721914  0.02670867  0.20189677],[-0.2668139   0.17751084  0.03074661 -0.08224262],369
370,1,[-0.2668139   0.17751084  0.03074661 -0.08224262],[-0.2632637   0.37217888  0.02910176 -0.36506855],370
371,1,[-0.2632637   0.37217888  0.02910176 -0.36506855],[-0.25582013  0.5668754   0.02180039 -0.648435  ],371
372,1,[-0.25582013  0.5668754   0.02180039 -0.648435  ],[-0.2444826   0.761687    0.00883169 -0.9341741 ],372
373,1,[-0.2444826   0.761687    0.00883169 -0.9341741 ],[-0.22924887  0.9566887  -0.0098518  -1.2240688 ],373
374,0,[-0.22924887  0.9566887  -0.0098518  -1.2240688 ],[-0.21011509  0.761695   -0.03433317 -0.93448883],374
375,0,[-0.21011509  0.761695   -0.03433317 -0.93448883],[-0.19488119  0.5670526  -0.05302295 -0.65278924],375
376,0,[-0.19488119  0.5670526  -0.05302295 -0.65278924],[-0.18354014  0.37270755 -0.06607874 -0.37726283],376
377,0,[-0.18354014  0.37270755 -0.06607874 -0.37726283],[-0.176086    0.17858326 -0.07362399 -0.10612491],377
378,0,[-0.176086    0.17858326 -0.07362399 -0.10612491],[-0.17251432 -0.01541062 -0.07574649  0.16245173],378
379,0,[-0.17251432 -0.01541062 -0.07574649  0.16245173],[-0.17282254 -0.20937109 -0.07249746  0.43031   ],379
380,0,[-0.17282254 -0.20937109 -0.07249746  0.43031   ],[-0.17700996 -0.40339556 -0.06389125  0.69928664],380
381,0,[-0.17700996 -0.40339556 -0.06389125  0.69928664],[-0.18507786 -0.59757626 -0.04990552  0.9711921 ],381
382,1,[-0.18507786 -0.59757626 -0.04990552  0.9711921 ],[-0.1970294  -0.40182132 -0.03048168  0.66325915],382
383,1,[-0.1970294  -0.40182132 -0.03048168  0.66325915],[-0.20506582 -0.20628884 -0.0172165   0.3611365 ],383
384,1,[-0.20506582 -0.20628884 -0.0172165   0.3611365 ],[-0.20919159 -0.01092646 -0.00999377  0.06307494],384
385,0,[-0.20919159 -0.01092646 -0.00999377  0.06307494],[-0.20941013 -0.20590371 -0.00873227  0.3525881 ],385
386,0,[-0.20941013 -0.20590371 -0.00873227  0.3525881 ],[-0.2135282  -0.4009004  -0.00168051  0.64250475],386
387,1,[-0.2135282  -0.4009004  -0.00168051  0.64250475],[-0.2215462  -0.20575507  0.01116959  0.34929305],387
388,1,[-0.2215462  -0.20575507  0.01116959  0.34929305],[-0.22566131 -0.01079375  0.01815545  0.06015311],388
389,1,[-0.22566131 -0.01079375  0.01815545  0.06015311],[-0.22587718  0.18406326  0.01935851 -0.22674681],389
390,1,[-0.22587718  0.18406326  0.01935851 -0.22674681],[-0.22219592  0.37890327  0.01482358 -0.513261  ],390
391,1,[-0.22219592  0.37890327  0.01482358 -0.513261  ],[-0.21461785  0.5738133   0.00455836 -0.80123603],391
392,1,[-0.21461785  0.5738133   0.00455836 -0.80123603],[-0.20314158  0.7688725  -0.01146637 -1.0924815 ],392
393,1,[-0.20314158  0.7688725  -0.01146637 -1.0924815 ],[-0.18776414  0.96414363 -0.033316   -1.3887401 ],393
394,0,[-0.18776414  0.96414363 -0.033316   -1.3887401 ],[-0.16848126  0.7694523  -0.0610908  -1.1066581 ],394
395,0,[-0.16848126  0.7694523  -0.0610908  -1.1066581 ],[-0.15309222  0.5751843  -0.08322396 -0.83374935],395
396,0,[-0.15309222  0.5751843  -0.08322396 -0.83374935],[-0.14158854  0.38129205 -0.09989895 -0.5683572 ],396
397,0,[-0.14158854  0.38129205 -0.09989895 -0.5683572 ],[-0.13396269  0.18770275 -0.11126609 -0.3087425 ],397
398,0,[-0.13396269  0.18770275 -0.11126609 -0.3087425 ],[-0.13020864 -0.00567249 -0.11744094 -0.05311806],398
399,0,[-0.13020864 -0.00567249 -0.11744094 -0.05311806],[-0.13032208 -0.1989318  -0.1185033   0.20032573],399
400,0,[-0.13032208 -0.1989318  -0.1185033   0.20032573],[-0.13430072 -0.3921771  -0.11449679  0.45340225],400
401,0,[-0.13430072 -0.3921771  -0.11449679  0.45340225],[-0.14214426 -0.5855096  -0.10542874  0.70791364],401
402,0,[-0.14214426 -0.5855096  -0.10542874  0.70791364],[-0.15385446 -0.7790254  -0.09127047  0.9656369 ],402
403,0,[-0.15385446 -0.7790254  -0.09127047  0.9656369 ],[-0.16943496 -0.97281075 -0.07195773  1.2283088 ],403
404,0,[-0.16943496 -0.97281075 -0.07195773  1.2283088 ],[-0.18889117 -1.1669366  -0.04739156  1.4976069 ],404
405,1,[-0.18889117 -1.1669366  -0.04739156  1.4976069 ],[-0.21222991 -0.9712719  -0.01743942  1.1905112 ],405
406,1,[-0.21222991 -0.9712719  -0.01743942  1.1905112 ],[-0.23165534 -0.7759283   0.00637081  0.89241356],406
407,1,[-0.23165534 -0.7759283   0.00637081  0.89241356],[-0.24717392 -0.58089334  0.02421908  0.60174006],407
408,1,[-0.24717392 -0.58089334  0.02421908  0.60174006],[-0.25879177 -0.3861184   0.03625388  0.31678304],408
409,1,[-0.25879177 -0.3861184   0.03625388  0.31678304],[-0.26651415 -0.19153109  0.04258954  0.03575017],409
410,1,[-0.26651415 -0.19153109  0.04258954  0.03575017],[-0.27034476  0.00295506  0.04330454 -0.24319698],410
411,1,[-0.27034476  0.00295506  0.04330454 -0.24319698],[-0.27028567  0.19743256  0.0384406  -0.5219122 ],411
412,1,[-0.27028567  0.19743256  0.0384406  -0.5219122 ],[-0.266337    0.39199296  0.02800236 -0.8022384 ],412
413,1,[-0.266337    0.39199296  0.02800236 -0.8022384 ],[-0.25849715  0.58671993  0.01195759 -1.0859828 ],413
414,0,[-0.25849715  0.58671993  0.01195759 -1.0859828 ],[-0.24676277  0.3914423  -0.00976207 -0.7895718 ],414
415,0,[-0.24676277  0.3914423  -0.00976207 -0.7895718 ],[-0.23893392  0.19645578 -0.0255535  -0.49997595],415
416,0,[-0.23893392  0.19645578 -0.0255535  -0.49997595],[-0.2350048   0.00170321 -0.03555302 -0.2154544 ],416
417,0,[-0.2350048   0.00170321 -0.03555302 -0.2154544 ],[-0.23497073 -0.19289291 -0.03986211  0.06580494],417
418,0,[-0.23497073 -0.19289291 -0.03986211  0.06580494],[-0.2388286  -0.38742134 -0.03854601  0.34564945],418
419,1,[-0.2388286  -0.38742134 -0.03854601  0.34564945],[-0.24657702 -0.1917729  -0.03163302  0.04106503],419
420,1,[-0.24657702 -0.1917729  -0.03163302  0.04106503],[-0.25041246  0.00378806 -0.03081172 -0.2614282 ],420
421,1,[-0.25041246  0.00378806 -0.03081172 -0.2614282 ],[-0.2503367   0.19933598 -0.03604028 -0.5636681 ],421
422,1,[-0.2503367   0.19933598 -0.03604028 -0.5636681 ],[-0.24634999  0.3949446  -0.04731365 -0.86748403],422
423,1,[-0.24634999  0.3949446  -0.04731365 -0.86748403],[-0.23845111  0.5906773  -0.06466333 -1.1746596 ],423
424,0,[-0.23845111  0.5906773  -0.06466333 -1.1746596 ],[-0.22663756  0.39645252 -0.08815652 -0.902929  ],424
425,0,[-0.22663756  0.39645252 -0.08815652 -0.902929  ],[-0.21870852  0.20262823 -0.1062151  -0.63920605],425
426,0,[-0.21870852  0.20262823 -0.1062151  -0.63920605],[-0.21465595  0.00913498 -0.11899922 -0.38177037],426
427,0,[-0.21465595  0.00913498 -0.11899922 -0.38177037],[-0.21447325 -0.184114   -0.12663463 -0.12885016],427
428,0,[-0.21447325 -0.184114   -0.12663463 -0.12885016],[-0.21815552 -0.37721586 -0.12921163  0.12135208],428
429,0,[-0.21815552 -0.37721586 -0.12921163  0.12135208],[-0.22569984 -0.57027256 -0.1267846   0.37064055],429
430,0,[-0.22569984 -0.57027256 -0.1267846   0.37064055],[-0.2371053  -0.7633867  -0.11937178  0.6208118 ],430
431,0,[-0.2371053  -0.7633867  -0.11937178  0.6208118 ],[-0.25237304 -0.9566571  -0.10695554  0.8736424 ],431
432,0,[-0.25237304 -0.9566571  -0.10695554  0.8736424 ],[-0.27150616 -1.150175   -0.08948269  1.1308753 ],432
433,0,[-0.27150616 -1.150175   -0.08948269  1.1308753 ],[-0.29450968 -1.3440187  -0.06686518  1.3942049 ],433
434,1,[-0.29450968 -1.3440187  -0.06686518  1.3942049 ],[-0.32139003 -1.1481314  -0.03898109  1.0813867 ],434
435,1,[-0.32139003 -1.1481314  -0.03898109  1.0813867 ],[-0.34435266 -0.9525171  -0.01735335  0.7767307 ],435
436,1,[-0.34435266 -0.9525171  -0.01735335  0.7767307 ],[-0.36340302 -0.75716084 -0.00181874  0.47863883],436
437,1,[-0.36340302 -0.75716084 -0.00181874  0.47863883],[-0.37854624 -0.56201327  0.00775404  0.18538323],437
438,1,[-0.37854624 -0.56201327  0.00775404  0.18538323],[-0.38978648 -0.3670031   0.0114617  -0.10484355],438
439,1,[-0.38978648 -0.3670031   0.0114617  -0.10484355],[-0.39712656 -0.17204729  0.00936483 -0.39388844],439
440,1,[-0.39712656 -0.17204729  0.00936483 -0.39388844],[-0.4005675   0.02294053  0.00148706 -0.6836041 ],440
441,0,[-0.4005675   0.02294053  0.00148706 -0.6836041 ],[-0.4001087  -0.17220204 -0.01218502 -0.3904534 ],441
442,0,[-0.4001087  -0.17220204 -0.01218502 -0.3904534 ],[-0.40355274 -0.36714894 -0.01999409 -0.10163704],442
443,0,[-0.40355274 -0.36714894 -0.01999409 -0.10163704],[-0.4108957  -0.56197876 -0.02202683  0.18467136],443
444,0,[-0.4108957  -0.56197876 -0.02202683  0.18467136],[-0.4221353  -0.7567787  -0.0183334   0.47032508],444
445,0,[-0.4221353  -0.7567787  -0.0183334   0.47032508],[-0.43727085 -0.95163697 -0.0089269   0.7571736 ],445
446,0,[-0.43727085 -0.95163697 -0.0089269   0.7571736 ],[-0.4563036  -1.1466347   0.00621657  1.0470341 ],446
447,0,[-0.4563036  -1.1466347   0.00621657  1.0470341 ],[-0.4792363  -1.3418386   0.02715725  1.341662  ],447
448,1,[-0.4792363  -1.3418386   0.02715725  1.341662  ],[-0.50607306 -1.1470689   0.05399049  1.0575982 ],448
449,1,[-0.50607306 -1.1470689   0.05399049  1.0575982 ],[-0.52901447 -0.95270216  0.07514246  0.7823386 ],449
450,1,[-0.52901447 -0.95270216  0.07514246  0.7823386 ],[-0.54806846 -0.758689    0.09078923  0.5142112 ],450
451,1,[-0.54806846 -0.758689    0.09078923  0.5142112 ],[-0.56324226 -0.5649551   0.10107346  0.25146255],451
452,1,[-0.56324226 -0.5649551   0.10107346  0.25146255],[-0.5745414  -0.3714108   0.10610271 -0.00770724],452
453,1,[-0.5745414  -0.3714108   0.10610271 -0.00770724],[-0.58196956 -0.17795786  0.10594856 -0.26511908],453
454,1,[-0.58196956 -0.17795786  0.10594856 -0.26511908],[-0.58552873  0.01550492  0.10064618 -0.5225954 ],454
455,1,[-0.58552873  0.01550492  0.10064618 -0.5225954 ],[-0.58521867  0.20907696  0.09019427 -0.78194404],455
456,1,[-0.58521867  0.20907696  0.09019427 -0.78194404],[-0.5810371   0.4028511   0.07455539 -1.0449426 ],456
457,0,[-0.5810371   0.4028511   0.07455539 -1.0449426 ],[-0.5729801   0.2068228   0.05365654 -0.72981805],457
458,0,[-0.5729801   0.2068228   0.05365654 -0.72981805],[-0.5688436   0.01100189  0.03906018 -0.42074195],458
459,0,[-0.5688436   0.01100189  0.03906018 -0.42074195],[-0.5686236  -0.18465109  0.03064534 -0.11600555],459
460,1,[-0.5686236  -0.18465109  0.03064534 -0.11600555],[-0.5723166   0.01001866  0.02832523 -0.39886475],460
461,1,[-0.5723166   0.01001866  0.02832523 -0.39886475],[-0.57211626  0.20472758  0.02034793 -0.68248445],461
462,1,[-0.57211626  0.20472758  0.02034793 -0.68248445],[-0.5680217   0.39956114  0.00669824 -0.9686924 ],462
463,0,[-0.5680217   0.39956114  0.00669824 -0.9686924 ],[-0.56003046  0.20434989 -0.0126756  -0.6739129 ],463
464,0,[-0.56003046  0.20434989 -0.0126756  -0.6739129 ],[-0.5559435   0.00940639 -0.02615386 -0.38524762],464
465,0,[-0.5559435   0.00940639 -0.02615386 -0.38524762],[-0.5557553  -0.1853347  -0.03385881 -0.10092426],465
466,0,[-0.5557553  -0.1853347  -0.03385881 -0.10092426],[-0.559462   -0.37995544 -0.0358773   0.18088695],466
467,0,[-0.559462   -0.37995544 -0.0358773   0.18088695],[-0.5670611  -0.57454616 -0.03225956  0.4620395 ],467
468,0,[-0.5670611  -0.57454616 -0.03225956  0.4620395 ],[-0.57855207 -0.76919764 -0.02301877  0.7443822 ],468
469,0,[-0.57855207 -0.76919764 -0.02301877  0.7443822 ],[-0.593936   -0.9639945  -0.00813113  1.0297331 ],469
470,1,[-0.593936   -0.9639945  -0.00813113  1.0297331 ],[-0.6132159  -0.7687653   0.01246354  0.73450845],470
471,1,[-0.6132159  -0.7687653   0.01246354  0.73450845],[-0.62859124 -0.57381773  0.0271537   0.44577402],471
472,1,[-0.62859124 -0.57381773  0.0271537   0.44577402],[-0.6400676  -0.37909025  0.03606918  0.16177268],472
473,1,[-0.6400676  -0.37909025  0.03606918  0.16177268],[-0.64764935 -0.18450272  0.03930464 -0.11931671],473
474,1,[-0.64764935 -0.18450272  0.03930464 -0.11931671],[-0.6513394   0.01003469  0.0369183  -0.39934486],474
475,1,[-0.6513394   0.01003469  0.0369183  -0.39934486],[-0.6511387   0.204614    0.02893141 -0.68016344],475
476,1,[-0.6511387   0.204614    0.02893141 -0.68016344],[-0.64704645  0.3993224   0.01532814 -0.96359915],476
477,1,[-0.64704645  0.3993224   0.01532814 -0.96359915],[-0.63906     0.5942351  -0.00394385 -1.2514275 ],477
478,0,[-0.63906     0.5942351  -0.00394385 -1.2514275 ],[-0.62717533  0.3991639  -0.0289724  -0.9599825 ],478
479,0,[-0.62717533  0.3991639  -0.0289724  -0.9599825 ],[-0.619192    0.20444313 -0.04817205 -0.6765407 ],479
480,0,[-0.619192    0.20444313 -0.04817205 -0.6765407 ],[-0.6151032   0.01002246 -0.06170286 -0.39940506],480
481,0,[-0.6151032   0.01002246 -0.06170286 -0.39940506],[-0.61490273 -0.18417239 -0.06969097 -0.12679625],481
482,0,[-0.61490273 -0.18417239 -0.06969097 -0.12679625],[-0.6185862  -0.37823036 -0.07222689  0.14311153],482
483,0,[-0.6185862  -0.37823036 -0.07222689  0.14311153],[-0.6261508  -0.57224756 -0.06936466  0.41216233],483
484,0,[-0.6261508  -0.57224756 -0.06936466  0.41216233],[-0.6375957  -0.7663212  -0.06112141  0.68219584],484
485,1,[-0.6375957  -0.7663212  -0.06112141  0.68219584],[-0.65292215 -0.5704061  -0.04747749  0.37091345],485
486,1,[-0.65292215 -0.5704061  -0.04747749  0.37091345],[-0.66433024 -0.37464288 -0.04005922  0.06364641],486
487,1,[-0.66433024 -0.37464288 -0.04005922  0.06364641],[-0.67182314 -0.17897016 -0.0387863  -0.24140148],487
488,1,[-0.67182314 -0.17897016 -0.0387863  -0.24140148],[-0.6754025   0.01668375 -0.04361432 -0.54606193],488
489,0,[-0.6754025   0.01668375 -0.04361432 -0.54606193],[-0.67506886 -0.17779914 -0.05453556 -0.26743358],489
490,0,[-0.67506886 -0.17779914 -0.05453556 -0.26743358],[-0.6786248  -0.37210208 -0.05988424  0.00756203],490
491,0,[-0.6786248  -0.37210208 -0.05988424  0.00756203],[-0.68606687 -0.56631637 -0.059733    0.2807658 ],491
492,0,[-0.68606687 -0.56631637 -0.059733    0.2807658 ],[-0.6973932  -0.7605376  -0.05411768  0.5540271 ],492
493,0,[-0.6973932  -0.7605376  -0.05411768  0.5540271 ],[-0.7126039  -0.95485955 -0.04303714  0.8291804 ],493
494,0,[-0.7126039  -0.95485955 -0.04303714  0.8291804 ],[-0.73170114 -1.1493676  -0.02645353  1.1080233 ],494
495,1,[-0.73170114 -1.1493676  -0.02645353  1.1080233 ],[-0.7546885  -0.9539081  -0.00429306  0.8071602 ],495
496,1,[-0.7546885  -0.9539081  -0.00429306  0.8071602 ],[-0.77376664 -0.75872755  0.01185014  0.51312995],496
497,1,[-0.77376664 -0.75872755  0.01185014  0.51312995],[-0.7889412  -0.5637745   0.02211274  0.22420475],497
498,1,[-0.7889412  -0.5637745   0.02211274  0.22420475],[-0.8002167  -0.36897546  0.02659683 -0.06142176],498
499,1,[-0.8002167  -0.36897546  0.02659683 -0.06142176],[-0.8075962  -0.17424476  0.0253684  -0.345596  ],499
